id,domain,status,purchase_price,renewal_price,attractiveness,demand,length,registrar,created_at,expires_at,status_verified_at
98a05514-d241-4fe3-8e65-d3b12be5587c,span.reviews,available,62.99,62.99,high,low,4,namesilo,,,29/09/2026 00:16
fac73b3c-d3e3-489b-94f5-0e7987fe7310,habitually.reviews,available,62.99,62.99,medium,low,10,namesilo,,,14/09/2026 22:45
93d2305c-7d9c-481d-8bb5-202d83b2bca4,fishtail.reviews,available,7.99,,medium,low,9,name.com,,,
468b22f4-52e0-411e-86b0-eb9321b30ec4,aeschylus.reviews,available,65.98,77.98,medium,low,9,namecheap,,,17/09/2026 13:19
7677bea3-8d6b-42cb-ac5f-4f4692755045,lavish.reviews,available,7.99,81.99,high,low,6,name.com,,,22/08/2026 21:07
c86769b2-c23a-42c8-b10f-1aa793c75893,bivouac.reviews,available,7.99,81.99,medium,low,7,name.com,,,11/08/2026 15:54
a3dc21e1-135a-4369-819d-5eb7ca2a16b8,diagnosis.reviews,available,62.99,62.99,high,low,9,namesilo,,,24/09/2026 22:08
0d8782e2-850c-4250-b7af-599937013766,knees.reviews,available,62.99,62.99,medium,low,5,namesilo,,,17/09/2026 07:20
6a7a867c-4c18-45b1-a1b7-d2da8e0dc7e3,meredith.reviews,available,65.98,77.98,high,low,8,namecheap,,,25/09/2026 06:29
fc76482e-8eb1-4514-b375-3b12d6987405,willowy.reviews,available,7.99,81.99,medium,low,7,name.com,,,20/08/2026 17:31
7605d922-93ae-46fd-b23e-086c4a05538b,unstylish.reviews,available,62.99,62.99,medium,low,9,namesilo,,,10/09/2026 23:17
b791de2d-1160-4279-9dbb-d16fcf1c78a7,cook.reviews,premium,118.8,118.8,high,low,4,namesilo,,,27/09/2026 10:07
b0260efb-3f02-4445-a866-28a898a7a84b,estimate.reviews,available,48.2,48.2,high,low,8,cloudflare,,,28/09/2026 21:56
75dcd70f-a2a5-41d1-b9ff-0b159d09ddec,defeat.reviews,available,62.99,62.99,medium,low,6,namesilo,,,27/09/2026 12:58
8a810365-d52d-46cd-b4a2-62e0f6da424f,emotionally.reviews,available,49.88,49.88,high,low,11,spaceship,,,27/09/2026 17:53
3a836b81-8779-4bfe-9180-9b12830b33c9,cockroach.reviews,available,62.99,62.99,medium,low,9,namesilo,,,24/09/2026 16:13
f9db8b41-82c7-4abb-867c-38feb1b1ba4c,madonna.reviews,available,62.99,62.99,high,low,7,namesilo,,,24/09/2026 06:06
e19b850d-0c7c-45e7-b0d6-007b00791345,firstly.reviews,available,62.99,62.99,medium,low,7,namesilo,,,24/09/2026 18:41
949afafd-af59-4ecd-b260-19f75309d74a,bassinet.reviews,premium,78.54,78.54,medium,low,8,namesilo,,,22/09/2026 12:23
738b51a6-25db-43a5-974f-1d385d31c322,argentine.reviews,available,,,high,high,9,,,,
1834fe26-6683-46d3-809d-f2651383992a,fill.reviews,available,49.88,49.88,high,low,4,spaceship,,,27/09/2026 11:50
dfc7b56d-c472-41ba-93f5-c616ab9c86cc,innermost.reviews,available,7.99,81.99,medium,low,9,name.com,,,22/08/2026 05:53
513b7615-9c73-438c-8db3-8c14913e3a48,sunglass.reviews,available,7.99,,high,low,8,name.com,,,
d1c0b265-4e2e-48e5-812b-955155b5b1f3,sections.reviews,available,4.63,49.95,medium,low,8,porkbun,,,29/09/2026 05:14
7bdceee6-2484-4aaf-9705-0293ad1c6a70,grove.reviews,available,65.98,77.98,high,low,5,namecheap,,,28/09/2026 09:58
c510a8df-cb63-44aa-a2c2-77e2bdda4c0b,truncheon.reviews,available,62.99,62.99,medium,low,9,namesilo,,,23/09/2026 16:38
7142c802-8376-4b95-8e13-04ea1391e77d,fireworks.reviews,available,62.99,62.99,high,low,9,namesilo,,,27/09/2026 21:35
dc13c7bf-8b68-4144-bf38-c33d1b98286f,lms.reviews,premium,34.36,34.36,high,low,3,spaceship,,,29/09/2026 15:35
92b98a9c-ba3e-48fc-933f-b4786264db3c,theban.reviews,available,62.99,62.99,high,low,6,namesilo,,,11/09/2026 12:35
6516e5d7-e242-45ac-b9d2-866c6e4d9e43,esthesia.reviews,available,62.99,62.99,medium,low,8,namesilo,,,17/09/2026 13:25
369b521a-35a3-4eab-8dd4-1a2ebac7d476,westbound.reviews,available,62.99,62.99,high,low,9,namesilo,,,13/09/2026 10:51
28883b07-df4e-4121-9ef6-3b1862f4ea98,aversion.reviews,available,62.99,62.99,medium,low,8,namesilo,,,19/09/2026 14:54
b41edaa5-e884-4a6a-8f16-a46e62ab245e,gamin.reviews,available,62.99,62.99,medium,low,5,namesilo,,,11/09/2026 14:56
d4e37c6b-831c-4c3a-a4ac-167219c991a4,practiced.reviews,available,48.2,48.2,high,low,9,cloudflare,,,29/09/2026 02:32
12dd7c11-a3aa-46fb-b8db-a3b865fdbdf8,improvise.reviews,available,62.99,62.99,high,low,9,namesilo,,,21/09/2026 16:45
599f5ffd-de2e-4e45-98a6-36cd73d449aa,react.reviews,available,62.99,62.99,high,low,5,namesilo,,,27/09/2026 06:05
6f45446c-02c7-4278-a947-08afea7329b9,australasia.reviews,available,49.88,49.88,medium,low,11,spaceship,,,28/09/2026 21:52
b6028417-5d81-4dbc-89fc-9d858f8af9c1,defend.reviews,available,65.98,77.98,high,low,6,namecheap,,,23/09/2026 13:40
4dceec50-f55c-44dd-b482-2d890494625f,depot.reviews,available,62.99,62.99,high,low,5,namesilo,,,11/09/2026 11:49
05ae2e02-7251-4983-a8c9-c56eeda4589f,convictions.reviews,available,49.88,49.88,medium,low,11,spaceship,,,29/09/2026 04:50
8aa4ad11-e752-4faa-858f-c7c96f4a2ff7,rake.reviews,premium,118.8,118.8,high,low,4,namesilo,,,27/09/2026 07:07
a1fc99de-367b-4fe9-9ac5-22a9d5489656,valuator.reviews,available,62.99,62.99,medium,low,8,namesilo,,,19/09/2026 22:13
401aedaa-6e9b-4b8f-9fff-9717236a6e05,rudolf.reviews,available,62.99,62.99,high,low,6,namesilo,,,25/09/2026 15:40
d72d37b0-58a6-401b-ad03-7a0d83a10162,ferny.reviews,available,7.99,81.99,medium,low,5,name.com,,,18/08/2026 02:00
5a72bb89-eda0-4d62-84a7-3281e54f07e3,mendacious.reviews,available,7.99,81.99,medium,low,10,name.com,,,24/08/2026 20:04
c1711b91-93f6-4433-bb9a-8f53dba8a668,diego.reviews,available,62.99,62.99,high,low,5,namesilo,,,26/09/2026 03:12
ca8478a0-2b06-40e6-b568-4cb7ccef4465,archery.reviews,premium,85.8,85.8,high,low,7,namecheap,,,20/09/2026 02:00
59983953-8571-4219-9d53-d718f03e2993,contamination.reviews,available,65.98,77.98,medium,low,13,namecheap,,,29/09/2026 22:52
c2eaffea-14d2-4072-b5a4-ffdcf54f836a,recipient.reviews,available,7.99,,high,low,9,name.com,,,
d525c6db-81ce-4750-9c44-4ae3c430308f,mirror.reviews,premium,250,,high,low,6,name.com,,,
93bdbb4d-6bee-49db-96b9-839ac20cf23e,highness.reviews,available,49.88,49.88,high,low,8,spaceship,,,28/09/2026 14:27
dbecef7b-4aab-4426-9b3a-9a2c0760ebfa,trio.reviews,available,62.99,62.99,high,low,4,namesilo,,,21/09/2026 13:05
06b79455-ee83-4115-80ee-e7f09744a1a2,hoops.reviews,available,62.99,62.99,high,low,5,namesilo,,,29/09/2026 01:29
3a86e1b3-753e-4e67-aae7-29f40cc1752c,despair.reviews,available,49.88,49.88,medium,low,7,spaceship,,,28/09/2026 09:31
e7d479d9-5329-4474-968f-c2ba0cd3ee6f,vicious.reviews,available,7.99,81.99,medium,low,7,name.com,,,08/08/2026 16:00
16ef7b40-01dd-4380-b1ce-43b25eddfa52,adenovirus.reviews,available,62.99,62.99,medium,low,10,namesilo,,,17/09/2026 07:41
3f1f3a21-fefc-4a66-ba76-8a9b4f8b9666,presently.reviews,available,49.88,49.88,medium,low,9,spaceship,,,28/09/2026 13:26
6951b652-e326-4373-8e73-9482a79c632e,proclaiming.reviews,available,7.99,,high,low,11,name.com,,,
2f62ad04-c038-4673-83a9-db83dcedd19b,benighted.reviews,available,62.99,62.99,low,low,9,namesilo,,,08/09/2026 09:10
2ab7a0bd-fc6a-4219-924b-90e51f20308f,dulcet.reviews,available,7.99,81.99,high,low,6,name.com,,,14/08/2026 20:59
c4ecc94a-be70-4a96-adf2-930dd7ef245b,stockpile.reviews,available,65.98,77.98,high,low,9,namecheap,,,10/09/2026 20:52
1f93790a-0a05-4186-a384-1eadb306679c,rogers.reviews,available,49.88,49.88,high,low,6,spaceship,,,27/09/2026 12:11
1b77fa0f-4e03-49d7-9935-9155a4a1fcb0,movable.reviews,available,7.99,81.99,high,low,7,name.com,,,25/08/2026 08:56
d9425547-388f-432f-ba0a-51c2bb2e8caa,macedonia.reviews,available,,,high,high,9,,,,
d1f9526c-e7b0-41e7-b867-88ae4e2493c6,godlike.reviews,available,7.99,81.99,high,low,7,name.com,,,20/08/2026 16:06
d4c676af-3bb7-4eae-becb-974945cb9cc4,dickie.reviews,available,7.99,81.99,medium,low,6,name.com,,,14/08/2026 06:30
87a38ae3-6520-417a-941c-ba667a92869c,admit.reviews,available,62.99,62.99,high,low,5,namesilo,,,26/09/2026 00:34
6c68850c-8b38-4826-939a-506abe66f21d,recipes.reviews,available,4.5,51.58,high,low,7,dynadot,,,29/09/2026 06:03
fd71c741-3b96-4336-9464-44cc55d297c9,meaningful.reviews,available,65.98,77.98,high,low,10,namecheap,,,25/09/2026 18:37
fd6dd7d3-7879-4abf-87cb-de004d091742,astral.reviews,available,7.99,81.99,high,low,6,name.com,,,07/08/2026 09:57
3f9bd84f-5a6a-4481-90a3-65ebd92cb303,risible.reviews,available,7.99,81.99,medium,low,7,name.com,,,12/08/2026 19:02
46ba6a65-2d4a-4957-ad4b-aac678865f96,errant.reviews,available,7.99,81.99,high,low,6,name.com,,,17/08/2026 12:44
35ad0d45-6e99-46ae-91de-7ee7e5a683ea,superfamily.reviews,available,4.5,51.58,high,low,11,dynadot,,,29/09/2026 02:59
f28e7a27-62d8-4b45-9682-25e987984d2f,wormy.reviews,available,7.99,81.99,medium,low,5,name.com,,,13/08/2026 06:43
93e3f8d0-13ba-48fc-9d34-d864f9a79d69,winterhaven.reviews,available,7.99,,medium,low,12,name.com,,,
8733af1a-f43e-4adc-ac58-e8fde00b1ec4,pedigree.reviews,available,62.99,62.99,high,low,8,namesilo,,,08/09/2026 13:15
59ec5f95-880e-4aba-98be-7e6461a1e081,toward.reviews,available,7.99,,high,low,6,name.com,,,
d0a295ad-7fe1-46a1-9c50-f711da258590,paragraph.reviews,available,62.99,62.99,high,low,9,namesilo,,,28/09/2026 15:02
78a7925d-0a3e-402a-ac94-ba6a5fe33508,occur.reviews,available,62.99,62.99,high,low,5,namesilo,,,29/09/2026 22:05
d85364ed-9a52-458c-a8cc-85d7d2977324,tycoons.reviews,available,65.98,77.98,medium,low,7,namecheap,,,19/09/2026 22:53
55c0fc9d-470f-44ba-af4b-88f2f5fe720d,bifurcate.reviews,available,7.99,81.99,high,low,9,name.com,,,09/08/2026 20:08
3198148d-7f58-404d-bbca-ca9973a953b5,golden.reviews,premium,118.8,118.8,high,low,6,namesilo,,,18/08/2026 23:35
a45613df-1c44-4f08-a93c-f7ee3ae3f947,pools.reviews,available,62.99,62.99,high,low,5,namesilo,,,16/09/2026 13:57
7a8d1263-66d7-4ef0-8c06-dde679c58f7d,guadalajara.reviews,available,62.99,62.99,medium,low,11,namesilo,,,28/09/2026 07:53
11506317-ea86-4376-ae42-65b01afbacb4,argun.reviews,available,62.99,62.99,medium,low,5,namesilo,,,20/09/2026 04:51
7025e68d-b56a-43e4-a4fd-762795798388,whelan.reviews,available,62.99,62.99,medium,low,6,namesilo,,,29/09/2026 16:28
0056995d-d10d-4d36-b769-45ec3f36a923,rangy.reviews,available,7.99,81.99,medium,low,5,name.com,,,18/08/2026 20:13
3feba78d-351c-448e-a55c-6ae457bb388a,esophageal.reviews,available,7.99,81.99,medium,low,10,name.com,,,17/08/2026 13:16
4785223d-6749-477e-bf7d-237d7c0bb0b4,unsold.reviews,available,65.98,77.98,medium,low,6,namecheap,,,12/09/2026 20:17
5c85b97f-4724-4d3c-aad3-c5b42c8fb030,toxin.reviews,available,4.5,51.58,high,low,5,dynadot,,,30/09/2026 03:03
c9b5fa85-884e-44ac-b17b-9b99bd68c218,inept.reviews,available,7.99,81.99,medium,low,5,name.com,,,21/08/2026 18:53
8ae565e4-612a-49b7-bed2-c5d76ebb7a21,cogent.reviews,available,7.99,81.99,high,low,6,name.com,,,12/08/2026 15:33
5297ebb9-4a63-400b-a67d-9407bdd4c0af,initiation.reviews,available,49.88,49.88,high,low,10,spaceship,,,29/09/2026 12:23
1c9b2f84-cc00-4fbd-868c-527a01e9b972,testator.reviews,available,62.99,62.99,medium,low,8,namesilo,,,11/09/2026 12:02
e97dadc2-3e0c-44b4-81ed-0788e73dca48,totality.reviews,available,7.99,81.99,high,low,8,name.com,,,
f8fccad7-8dad-44e6-b3de-785876b2e62b,jelly.reviews,available,62.99,62.99,high,low,5,namesilo,,,30/09/2026 00:47
e4ad4224-3ab7-47a5-a368-9b7197bab8e8,defeated.reviews,available,7.99,81.99,medium,low,8,name.com,,,13/08/2026 23:04
18dc7432-fab6-40b3-a90b-4c464621eca9,fadeout.reviews,available,62.99,62.99,medium,low,7,namesilo,,,09/09/2026 11:18
33982fe0-9f33-43bc-ac0e-a007ff1813c6,unsworn.reviews,available,65.98,77.98,medium,low,7,namecheap,,,12/09/2026 20:53
635febce-53c5-4fc0-b38e-70b712b99470,deuce.reviews,available,62.99,62.99,high,low,5,namesilo,,,21/09/2026 12:17
c016b38b-bbb1-4a71-be24-95b8d9e4d61e,newcomer.reviews,available,7.99,81.99,high,low,8,name.com,,,18/08/2026 07:31
faa24331-644b-4191-baaa-336584fd2507,stepson.reviews,available,7.99,,high,low,7,name.com,,,
f7b7e248-ebec-4c34-b2ef-2510c6220e13,mueller.reviews,available,62.99,62.99,high,low,7,namesilo,,,26/09/2026 03:22
536eca3d-891f-4221-8559-95aedece278e,examined.reviews,available,62.99,62.99,medium,low,8,namesilo,,,28/09/2026 08:42
d814c115-bbe8-47ae-95f7-4091c8d7e8b7,reviewing.reviews,available,49.88,49.88,high,low,9,spaceship,,,29/09/2026 08:58
1431be18-da9e-4327-97c0-b6c3a9b6e442,clench.reviews,available,62.99,62.99,medium,low,6,namesilo,,,24/09/2026 15:33
58f92f6a-4cf3-434d-9531-0bde6e48fdf1,kleenex.reviews,available,62.99,62.99,high,low,7,namesilo,,,30/09/2026 01:39
8c41085d-04f1-4372-9b3c-411d7da53dbd,order.reviews,premium,242,242,high,medium,5,namesilo,,,23/09/2026 20:44
3d2a01c5-6cb8-4d91-b7a9-1b3c7bb3879f,advanced.reviews,available,49.88,49.88,high,low,8,spaceship,,,28/09/2026 20:47
855af48d-6f1d-447d-93ae-0df46a847123,corrode.reviews,available,65.98,77.98,medium,low,7,namecheap,,,09/09/2026 20:10
91e5aa99-2d68-4224-b44e-3eaa4e4e2dd6,bsc.reviews,available,48.2,48.2,high,low,3,cloudflare,,,28/09/2026 15:39
5bf0ad11-c0a3-49ac-9e0e-7a6ddc9dd101,doggo.reviews,available,62.99,62.99,medium,low,5,namesilo,,,14/09/2026 13:35
4f108481-6e0a-4afc-aac2-06cc0db219db,childlike.reviews,available,7.99,81.99,high,low,9,name.com,,,12/08/2026 05:12
ccc5a298-da21-47c3-b465-70c8ffc9a87a,halle.reviews,available,62.99,62.99,high,low,5,namesilo,,,27/09/2026 04:25
69b68009-3954-4362-bb72-8ee825572bfe,waterford.reviews,available,4.5,51.58,high,low,9,dynadot,,,27/09/2026 16:17
bcbc1fec-6b49-41ca-b60c-992fd5297756,clop.reviews,available,62.99,62.99,medium,low,4,namesilo,,,15/09/2026 20:47
cfa861fd-bfe8-4338-bf7b-6978b817d09a,washing.reviews,available,49.88,49.88,high,low,7,spaceship,,,30/09/2026 02:11
624fabf9-1a9d-47ea-97d1-c98646a33ffe,largely.reviews,available,49.88,49.88,medium,low,7,spaceship,,,28/09/2026 14:55
f106f91b-3034-4a59-881b-f391b8046d06,donner.reviews,available,4.63,49.95,medium,low,6,porkbun,,,29/09/2026 20:47
516da52c-571e-4185-81b0-c59d2d2b5778,amblyopia.reviews,available,65.98,77.98,medium,low,9,namecheap,,,18/09/2026 17:11
8a4989e6-8f0a-476b-a718-f0a8db60bb11,outermost.reviews,available,65.98,77.98,high,low,9,namecheap,,,04/09/2026 19:17
3c4ad2d2-c63b-4463-95cf-685d874fa4b5,veins.reviews,available,49.88,49.88,medium,low,5,spaceship,,,28/09/2026 08:48
4507a34a-0053-4229-9b09-5596b263663c,grosvenor.reviews,available,62.99,62.99,medium,low,9,namesilo,,,28/09/2026 16:43
4d85e0c0-fcfa-48f2-a14a-7b5da7fe6933,lynchpin.reviews,available,62.99,62.99,high,low,8,namesilo,,,21/09/2026 15:18
fe8e4de8-660e-4094-bb8a-31824b18d3b3,central.reviews,premium,39,39,high,low,7,namecheap,,,23/09/2026 12:46
31045b7f-8ffc-43b2-a16f-1a2a501a5f85,apish.reviews,available,7.99,81.99,medium,low,5,name.com,,,06/08/2026 00:12
dba222b6-4c9d-4e6a-9de5-c4672d47c1c8,chair.reviews,premium,128.7,128.7,high,low,5,namecheap,,,25/09/2026 21:14
ecaedaf1-52e9-4469-9781-782beb591ed2,kantian.reviews,available,7.99,81.99,high,low,7,name.com,,,22/08/2026 15:06
e8f5ed7a-c8d3-4b71-98a7-9d5bec8e6936,cottony.reviews,available,7.99,81.99,medium,low,7,name.com,,,13/08/2026 03:26
875ccd7a-bf4d-4597-828c-34d1de9c5dd7,shun.reviews,available,62.99,62.99,high,low,4,namesilo,,,24/09/2026 02:00
3004d9a4-cf8b-49d4-9525-8ef5262c26ce,harmful.reviews,available,7.99,81.99,medium,low,7,name.com,,,08/09/2026 09:32
557d15e2-73a4-4176-8b6e-978c3cd556e7,antedon.reviews,available,62.99,62.99,medium,low,7,namesilo,,,19/09/2026 12:48
79b91450-1de8-429e-8929-53ddc2f1009e,axil.reviews,available,62.99,62.99,high,low,4,namesilo,,,21/09/2026 10:22
4171ee84-7359-4886-998d-85564948e68a,befitting.reviews,available,7.99,81.99,medium,low,9,name.com,,,09/08/2026 08:38
e3ac4d48-e065-4eb9-9c3f-c83e48bcdf1d,moulding.reviews,available,62.99,62.99,medium,low,8,namesilo,,,24/09/2026 15:25
906ed65a-78ca-4cb7-97a7-7410b4e008f1,ethyne.reviews,available,62.99,62.99,medium,low,6,namesilo,,,17/09/2026 00:23
20297b67-b919-42f6-b015-2a896728b49b,phillip.reviews,available,65.98,77.98,high,low,7,namecheap,,,17/09/2026 13:24
8219a80f-6575-4589-a5fb-623b77999cf1,musique.reviews,available,65.98,77.98,high,low,7,namecheap,,,29/09/2026 10:25
62000270-8a6d-462e-b5c6-36369381960a,lyons.reviews,available,62.99,62.99,high,low,5,namesilo,,,25/09/2026 06:03
a5b427eb-0ed6-4a89-b82e-50d756235d48,islamabad.reviews,available,62.99,62.99,medium,low,9,namesilo,,,29/09/2026 06:15
3dbbfa9b-7c19-4ad3-9a22-c2a78f27857d,dickens.reviews,available,48.2,48.2,high,low,7,cloudflare,,,29/09/2026 08:15
0e2fd110-f6d2-43e7-bf8b-c889af9fd572,rembrandt.reviews,available,48.2,48.2,high,low,9,cloudflare,,,28/09/2026 15:14
dc2f52fe-4cc1-4834-9098-5bec9e31d1e6,smatter.reviews,available,62.99,62.99,medium,low,7,namesilo,,,24/09/2026 04:48
8b5611d7-804f-4649-9e41-ae9c86b9c15b,compactly.reviews,available,62.99,62.99,medium,low,9,namesilo,,,14/09/2026 07:35
79e0040b-9da3-47ec-9a14-94f25a9359dc,impatient.reviews,available,7.99,81.99,medium,low,9,name.com,,,21/08/2026 21:53
1850b675-f6ca-43a8-8dcf-7f894df84e39,psc.reviews,available,62.99,62.99,high,low,3,namesilo,,,29/09/2026 22:26
9d7798f2-485b-473d-b62d-46b2cdd1d2c6,mainly.reviews,available,49.88,49.88,high,low,6,spaceship,,,28/09/2026 13:52
9bc3c2a9-182f-4412-8248-b7bf7b98d6f2,retainer.reviews,available,62.99,62.99,high,low,8,namesilo,,,30/09/2026 02:42
8729d927-d20a-4f66-9cf0-6b17bf20875f,archivist.reviews,available,65.98,77.98,high,low,9,namecheap,,,20/09/2026 02:21
320fcb7b-6ac3-4908-ab95-b9c1e11b0991,witchcraft.reviews,available,48.2,48.2,high,low,10,cloudflare,,,28/09/2026 11:06
699b1bcd-a4d7-4fb3-925a-49707484a346,sparkling.reviews,available,7.99,81.99,high,low,9,name.com,,,15/08/2026 14:45
0bbedfb7-7741-4152-bf50-f540347d6150,yank.reviews,available,62.99,62.99,high,low,4,namesilo,,,13/09/2026 14:14
afc39e6c-00ee-4d9e-9959-faad8e6d7b6e,bikers.reviews,available,65.98,77.98,high,low,6,namecheap,,,23/09/2026 15:36
e9d8a9e2-1a92-47ad-982e-956920bab2f6,amphibian.reviews,available,7.99,81.99,high,low,9,name.com,,,
542766ff-fa27-4468-b592-6c43314ea1fb,vicksburg.reviews,available,62.99,62.99,medium,low,9,namesilo,,,28/09/2026 03:05
1c4f3100-9967-46b1-96d8-d59fcc04957f,wheel.reviews,premium,118.8,118.8,high,low,5,namesilo,,,27/09/2026 03:13
51cff383-a017-49c8-bad7-2f4a4e85cd9e,rosie.reviews,available,62.99,62.99,high,low,5,namesilo,,,27/09/2026 19:47
da67b466-d537-4539-b305-7a695be6f709,napoleon.reviews,available,62.99,62.99,high,low,8,namesilo,,,28/09/2026 13:35
9bc4af6b-3202-435f-bcf6-155468b1f924,unrested.reviews,available,65.98,77.98,medium,low,8,namecheap,,,12/09/2026 18:02
cba10f49-4952-4bd9-b7a3-20701f809e10,pennyroyal.reviews,available,65.98,77.98,high,low,10,namecheap,,,18/09/2026 20:31
0d361184-e41f-43b3-b432-1b350d9fe82a,crossways.reviews,available,62.99,62.99,medium,low,9,namesilo,,,14/09/2026 09:48
8408daa8-377e-4e77-850d-a9eac3e19744,unturned.reviews,available,62.99,62.99,medium,low,8,namesilo,,,12/09/2026 21:54
deec930c-9ac8-4458-a1d8-9e1cf10112e3,stream.reviews,available,65.98,77.98,high,medium,6,namecheap,,,27/09/2026 05:33
e038b60f-e786-4171-a343-5f98663cce2b,meat.reviews,premium,118.8,118.8,high,low,4,namesilo,,,14/09/2026 23:51
9b525e92-d06a-48c2-b931-b09e006e4134,tied.reviews,available,7.99,81.99,high,low,4,name.com,,,22/08/2026 17:45
a216dfa2-f55e-4dc8-b43c-09ed54a74817,pathologic.reviews,available,7.99,81.99,medium,low,10,name.com,,,14/08/2026 10:11
bdc20c50-2e2e-4558-952e-a733b51966c2,renascent.reviews,available,62.99,62.99,high,low,9,namesilo,,,09/09/2026 13:55
ad3c52cd-cf22-4e4c-9e21-08a499600664,pencils.reviews,available,62.99,62.99,medium,low,7,namesilo,,,20/09/2026 08:42
b7a005a1-19c5-4a5c-a985-afc94540c73c,bezique.reviews,available,65.98,77.98,medium,low,7,namecheap,,,23/09/2026 12:24
f07637a9-18fd-4a4b-bbda-b29f528a281e,reconstruct.reviews,available,4.5,51.58,high,low,11,dynadot,,,29/09/2026 21:11
6573fbc8-b3c9-4289-bf9c-bf54f3c5ce08,firing.reviews,available,62.99,62.99,high,low,6,namesilo,,,27/09/2026 03:58
3995588c-8530-4be4-9370-507f44a0bd5f,ignition.reviews,premium,,,high,low,8,,,,28/09/2026 10:06
51e52dad-bc7b-4cf8-aae1-4ff37ebed687,crimes.reviews,available,7.99,,high,low,6,name.com,,,
722d11a6-8e1e-4aff-ae96-67ce60de1f22,natty.reviews,available,7.99,81.99,medium,low,5,name.com,,,13/08/2026 17:29
3939f199-8df1-4d56-9177-db11a4f35f9a,suicide.reviews,available,62.99,62.99,high,low,7,namesilo,,,25/09/2026 05:57
c75d5fc4-5881-46fd-b352-7e8025a53544,agilely.reviews,available,65.98,77.98,medium,low,7,namecheap,,,13/09/2026 18:16
372c9419-cd75-4f8e-83b9-e77622381e95,unstated.reviews,available,62.99,62.99,medium,low,8,namesilo,,,12/09/2026 09:45
e99e5169-c0a6-428c-b77d-662c1dc65d92,bidding.reviews,available,62.99,62.99,high,low,7,namesilo,,,23/09/2026 13:29
28a92886-28d1-4fd1-b689-72304517f9f5,storms.reviews,available,65.98,77.98,medium,low,6,namecheap,,,17/09/2026 15:55
c556b661-01e8-45f8-ba42-c3ccd169612c,groovy.reviews,available,7.99,81.99,high,low,6,name.com,,,08/08/2026 12:35
3799e8b7-601e-4e70-bd4a-2b19b9e69f83,metacarpal.reviews,available,7.99,81.99,medium,low,10,name.com,,,24/08/2026 21:30
8e153dbb-19a3-4e82-9b48-1d3f967e1b86,bragging.reviews,available,7.99,81.99,medium,low,8,name.com,,,11/08/2026 00:54
f6e9a287-a5f3-42cb-9c79-1e7334b2446c,segal.reviews,available,49.88,49.88,medium,low,5,spaceship,,,28/09/2026 19:20
588f0071-007e-4ddc-ab37-482c48b62fee,hamid.reviews,available,62.99,62.99,medium,low,5,namesilo,,,28/09/2026 16:11
fcdc790c-cd56-4fee-b1e0-9446612582ab,heller.reviews,available,48.2,48.2,medium,low,6,cloudflare,,,28/09/2026 09:59
a55f57f6-7b14-4aa4-9d44-60444690e35d,quotable.reviews,available,62.99,62.99,high,low,8,namesilo,,,09/09/2026 09:10
65586c3d-3590-4ba0-89da-044fb2f83dc4,astacus.reviews,available,62.99,62.99,medium,low,7,namesilo,,,20/09/2026 16:51
57951893-6a1f-4029-b9d0-c4dbce319b20,unsuccessful.reviews,available,4.5,51.58,medium,low,12,dynadot,,,29/09/2026 21:15
45df3f95-a1db-4939-b127-2de6feb060c6,pentagon.reviews,available,62.99,62.99,high,low,8,namesilo,,,28/09/2026 06:34
a37d002a-a7cb-472c-8e81-46c5f8d5cfcb,starve.reviews,available,48.2,48.2,medium,low,6,cloudflare,,,28/09/2026 19:47
b9001a32-abef-4154-9679-fea7acedde1c,ramble.reviews,available,7.99,81.99,high,low,6,name.com,,,10/09/2026 22:10
7d44e4fe-25fe-42db-9198-2302619880c8,mai.reviews,available,65.98,77.98,high,medium,3,namecheap,,,25/09/2026 14:04
f6aebdf1-b44a-4b5b-871d-9400fdbb96b5,prepaid.reviews,premium,78.54,78.54,high,low,7,namesilo,,,09/09/2026 00:39
a72881ff-c8ab-495a-ac81-38ea67c01155,abdominal.reviews,available,62.99,62.99,high,low,9,namesilo,,,21/09/2026 13:47
19efea95-e14c-4c50-84be-eee674958c62,hegelian.reviews,available,7.99,81.99,high,low,8,name.com,,,21/08/2026 06:14
259aa696-445c-4da9-a3b0-0a578a0a4c2e,westbrook.reviews,available,62.99,62.99,medium,low,9,namesilo,,,29/09/2026 04:08
b64f7b29-b90a-403c-abe7-3a3e06857f85,tanker.reviews,available,62.99,62.99,high,low,6,namesilo,,,29/09/2026 07:46
ebca435e-95f2-4f4d-8253-c4786dc65ddf,charioteer.reviews,available,62.99,62.99,medium,low,10,namesilo,,,21/09/2026 04:25
1774453d-eb4c-455e-b3b8-be2f26a9db07,hatless.reviews,available,7.99,81.99,medium,low,7,name.com,,,21/08/2026 01:20
ab846d6f-886d-4191-b963-4affe19370cd,behring.reviews,available,62.99,62.99,high,low,7,namesilo,,,23/09/2026 04:03
7f1fb20e-42bb-46d9-b14e-54d715bee530,consciousness.reviews,available,62.99,62.99,medium,low,13,namesilo,,,28/09/2026 08:13
110fe660-fc54-4b6e-963c-717426721b96,evans.reviews,available,65.98,77.98,high,low,5,namecheap,,,20/09/2026 10:48
befb0ed2-7daa-4679-a68e-2e643ed83d27,miners.reviews,available,49.88,49.88,medium,low,6,spaceship,,,28/09/2026 18:17
565235a8-bb65-4953-899f-0e305cac5610,mantra.reviews,available,7.99,,high,low,6,name.com,,,
932b1f22-1336-4210-8321-265ebe60a8db,tip.reviews,premium,242,242,high,low,3,namesilo,,,25/09/2026 13:19
01eeca11-4d92-457d-806c-53965540bcd9,tenths.reviews,available,62.99,62.99,medium,low,6,namesilo,,,20/09/2026 23:51
723e851e-262d-40fd-a0ed-f86dee51673f,goals.reviews,available,48.2,48.2,high,low,5,cloudflare,,,28/09/2026 07:10
72d1e69f-8ada-4b59-89b8-55838c6bec20,upland.reviews,available,7.99,81.99,medium,low,6,name.com,,,21/08/2026 09:14
a3439f4d-85d3-4af1-8118-99192ec10236,cushy.reviews,available,7.99,81.99,high,low,5,name.com,,,13/08/2026 11:58
0a40b7d5-04ac-4e0c-83c1-9036d35695cf,perch.reviews,available,7.99,81.99,high,low,5,name.com,,,
a24a5cc0-bec7-4c70-9e92-7d16ce6a813c,cherry.reviews,available,62.99,62.99,high,low,6,namesilo,,,22/09/2026 22:25
7f202c33-00b3-4bbd-a9f0-abe874ec01fa,steriliser.reviews,available,62.99,62.99,medium,low,10,namesilo,,,21/09/2026 06:06
daf6d655-bd64-40b3-aff1-67482a74de55,glorified.reviews,available,7.99,81.99,high,low,9,name.com,,,11/08/2026 17:29
00c95dca-6167-407d-9599-48dc74782380,godfather.reviews,available,62.99,62.99,high,low,9,namesilo,,,28/09/2026 14:19
eda52b17-4055-4226-a2a6-7ffe0cf9c9f4,higgins.reviews,available,65.98,77.98,high,low,7,namecheap,,,25/09/2026 13:27
6770c3f8-3795-493e-a442-2362b364c21a,beaten.reviews,available,7.99,81.99,medium,low,6,name.com,,,09/08/2026 05:47
0b3de613-48ef-478b-91f3-777d448f5382,brutality.reviews,available,62.99,62.99,medium,low,9,namesilo,,,22/09/2026 04:26
b85b8228-b146-4174-acdc-b97427840509,awkward.reviews,available,62.99,62.99,high,low,7,namesilo,,,22/09/2026 15:31
6b324ab7-e4e6-4370-9990-8d1e1c13e3fb,unbecoming.reviews,available,7.99,81.99,high,low,10,name.com,,,22/08/2026 02:19
45855d34-a7f0-40d1-bd4a-5b8805c01ee5,thom.reviews,available,4.5,51.58,high,low,4,dynadot,,,28/09/2026 04:11
2c935b58-7b8a-4acb-b20c-3aa06d55fa84,althaea.reviews,available,62.99,62.99,medium,low,7,namesilo,,,18/09/2026 14:53
8c2e79d0-c26d-4f64-a98d-10c55276d88b,constantine.reviews,available,62.99,62.99,high,low,11,namesilo,,,25/09/2026 14:18
154ce81b-1800-4001-a4bc-e2d97f388ea0,gestures.reviews,available,48.2,48.2,medium,low,8,cloudflare,,,30/09/2026 00:19
52567fe3-98cf-435c-9600-d071c82ee6e1,passionate.reviews,available,65.98,77.98,high,low,10,namecheap,,,27/09/2026 02:53
3437df65-9acb-4ed4-9c0f-616ce45a9f17,fails.reviews,available,62.99,62.99,medium,low,5,namesilo,,,18/09/2026 00:27
c69d29ad-e5a8-471c-b420-64c38c56909f,hang.reviews,available,49.88,49.88,high,low,4,spaceship,,,28/09/2026 19:01
47be2e67-ec14-4580-9478-9d297672fc97,lxii.reviews,available,7.99,81.99,medium,low,4,name.com,,,
078551df-abff-4327-b386-4a58f53a9be9,alauda.reviews,available,62.99,62.99,high,low,6,namesilo,,,18/09/2026 02:15
eae5afd6-4d45-4212-915e-9f870c2773e6,algal.reviews,available,7.99,81.99,high,low,5,name.com,,,
ca54c3a2-0ce0-41e0-9e94-1a239333d443,concerts.reviews,premium,128.7,128.7,high,low,8,namecheap,,,20/09/2026 13:34
b9085c8b-d808-4406-a5ce-5e9c8c792f1c,abettal.reviews,available,65.98,77.98,medium,low,7,namecheap,,,16/09/2026 15:18
b293e381-3568-44dd-b6b1-1b3fb1ea61cd,crepuscule.reviews,available,62.99,62.99,medium,low,10,namesilo,,,11/09/2026 21:48
40ced8f3-4a4e-4fbf-9e5a-8000f5ff0f87,felix.reviews,available,49.88,49.88,high,medium,5,spaceship,,,27/09/2026 19:26
3aa86cd0-ff4f-49be-93d9-c8ed344a6d6d,anethum.reviews,available,7.99,81.99,medium,low,7,name.com,,,19/09/2026 05:35
d6b4a509-59de-420c-b666-0254378cdfa8,beneath.reviews,available,62.99,62.99,medium,low,7,namesilo,,,28/09/2026 12:25
3c6cfc75-d819-4e6b-8f33-87c77db9c288,divers.reviews,available,7.99,,high,low,6,name.com,,,
a6544b7c-f424-49f9-8877-7a8075eb0640,baluster.reviews,available,62.99,62.99,high,low,8,namesilo,,,22/09/2026 00:22
1c857626-4bda-4980-b422-b0b56d193c0c,arcminute.reviews,available,65.98,77.98,medium,low,9,namecheap,,,20/09/2026 02:40
067c0e88-b78f-44bf-a1bc-3705a001d9fe,newest.reviews,available,65.98,77.98,high,low,6,namecheap,,,18/09/2026 15:57
4e39e4ed-defd-429f-b294-17d8cf5fffd0,informer.reviews,available,62.99,62.99,high,low,8,namesilo,,,23/09/2026 11:26
5b9a2672-82c1-453a-aa0e-d2184c82332c,tasteless.reviews,available,62.99,62.99,medium,low,9,namesilo,,,11/09/2026 09:02
1581a594-c461-490f-9a65-9ed83fbbc64c,conjoin.reviews,available,62.99,62.99,high,low,7,namesilo,,,13/09/2026 09:37
18a7e5de-fea7-4b16-9ef6-4020b8e3867b,tortious.reviews,available,65.98,77.98,medium,low,8,namecheap,,,11/09/2026 17:59
837896f7-12c0-409e-9cad-90509054d5c3,admonition.reviews,available,65.98,77.98,medium,low,10,namecheap,,,17/09/2026 09:03
e21d0804-e32a-4100-a242-7addbca8be81,enclothe.reviews,available,65.98,77.98,medium,low,8,namecheap,,,19/09/2026 19:54
b61f1cab-f157-4765-a38c-011ebf4a1358,eggs.reviews,available,49.88,49.88,high,low,4,spaceship,,,29/09/2026 17:47
0646e18e-0a01-465c-a7be-2a3cfa253b8a,contracted.reviews,available,62.99,62.99,high,low,10,namesilo,,,23/09/2026 22:26
b7920329-db06-4ced-a799-591c24ed9d77,because.reviews,available,7.99,,high,low,7,name.com,,,
d7c8f188-0dbb-4d62-a191-dfd8821875a1,irritating.reviews,available,7.99,81.99,medium,low,10,name.com,,,
642a45f2-3a9a-41f5-b429-9ec05be758dc,curtly.reviews,available,62.99,62.99,medium,low,6,namesilo,,,14/09/2026 10:10
39cb89d6-51cc-4989-a512-28544bc0da03,infra.reviews,available,62.99,62.99,high,low,5,namesilo,,,15/09/2026 08:17
720bdb81-d3b1-45ef-aa80-d1a75411cb32,classic.reviews,premium,118.8,118.8,high,low,7,namesilo,,,12/08/2026 09:43
8f174f57-9c28-436c-9aeb-51f055235568,transcend.reviews,available,62.99,62.99,high,low,9,namesilo,,,11/09/2026 17:23
2e82ee3e-5c98-456b-997e-ab7f01edca71,featherbed.reviews,available,62.99,62.99,high,low,10,namesilo,,,21/09/2026 12:59
dc9ea54c-9adf-4f10-b178-b9f00d3157c0,institute.reviews,premium,102.67,102.67,high,low,9,spaceship,,,28/09/2026 06:02
f7335e72-e780-45f8-abae-4591da285336,dim.reviews,premium,118.8,118.8,high,low,3,namesilo,,,10/08/2026 13:58
eb7d159a-f634-4a90-88b2-2a8f559fe2b3,ascii.reviews,available,62.99,62.99,high,low,5,namesilo,,,18/09/2026 20:43
850e57dd-700a-4f3b-b99a-e298e2c1dd04,nasally.reviews,available,7.99,81.99,medium,low,7,name.com,,,15/09/2026 16:10
48d4e934-1496-4984-8597-fb378a284fbe,shaffer.reviews,available,62.99,62.99,high,low,7,namesilo,,,29/09/2026 09:57
08ed7d2e-7404-4550-b211-cce5197533a5,mayfield.reviews,available,49.88,49.88,medium,low,8,spaceship,,,28/09/2026 12:21
374862cb-2ca9-4f20-a9e7-423fae47afa0,cockpit.reviews,available,62.99,62.99,high,low,7,namesilo,,,29/09/2026 10:12
2ae7814a-394c-4086-b374-147caa08887d,graduating.reviews,available,62.99,62.99,low,low,10,namesilo,,,28/09/2026 12:36
5fc9899b-0c56-4b66-84d5-d67e7d483012,plaintiff.reviews,available,4.5,51.58,high,low,9,dynadot,,,29/09/2026 11:57
4d309a7c-64f6-4d3d-ac19-96ee694de067,nourishing.reviews,available,65.98,77.98,high,low,10,namecheap,,,19/09/2026 17:50
16858a0c-8768-4b9e-938e-b00dc6179238,xxi.reviews,available,65.98,77.98,high,low,3,namecheap,,,21/09/2026 12:32
030d100f-146c-406f-8862-741bf016b14c,loire.reviews,available,49.88,49.88,medium,low,5,spaceship,,,28/09/2026 14:48
a8a61c42-e586-461c-9ef1-6f06dd20be51,ameba.reviews,available,62.99,62.99,medium,low,5,namesilo,,,18/09/2026 17:40
fa7b2736-ea19-45a6-8fb1-734a268313ce,widely.reviews,available,65.98,77.98,medium,low,6,namecheap,,,28/09/2026 16:47
6d62e39a-6f1e-405a-8a66-5520eaddae41,fai.reviews,available,48.2,48.2,high,low,3,cloudflare,,,29/09/2026 09:08
4cca6b8b-aaae-4e69-a370-ebf8edbf8284,catches.reviews,available,49.88,49.88,medium,low,7,spaceship,,,28/09/2026 04:27
7156507d-1936-477f-9b99-46db549a8b00,molybdenum.reviews,available,65.98,77.98,medium,low,10,namecheap,,,20/09/2026 23:05
d31f23b1-9543-420c-8d9f-952fa8a6f01d,flushed.reviews,available,7.99,81.99,high,low,7,name.com,,,18/08/2026 09:26
89a676b7-191c-44a9-9527-9c2e5795b876,origin.reviews,available,62.99,62.99,high,low,6,namesilo,,,08/09/2026 13:23
521ddd3f-582d-4f38-a42d-4f09c3ffdab7,sentences.reviews,available,65.98,77.98,high,low,9,namecheap,,,16/09/2026 20:11
9c5ea68e-6e5b-4984-8936-71f7fa7d136a,introducing.reviews,available,7.99,,medium,low,11,name.com,,,17/09/2026 20:59
f3307cbd-5816-416b-ab5a-9d226f5ac7b2,achiever.reviews,available,4.63,49.95,high,low,8,porkbun,,,28/09/2026 17:48
58ef2797-7382-4406-a7b0-2a193fbec848,roberta.reviews,available,49.88,49.88,high,low,7,spaceship,,,28/09/2026 03:52
37fb283a-012a-4de0-a3db-e3669f8eee04,devine.reviews,available,62.99,62.99,medium,low,6,namesilo,,,28/09/2026 17:34
7e70ce1e-d089-4b80-904f-c04cf71c2870,inherit.reviews,available,49.88,49.88,high,low,7,spaceship,,,28/09/2026 20:51
1492149f-f7fa-44aa-98fe-bbf1ac2f80e3,weave.reviews,premium,123.75,,high,low,5,name.com,,,
1f1c2089-9ef3-4654-9a51-430825771b0d,boyce.reviews,available,49.88,49.88,medium,low,5,spaceship,,,28/09/2026 11:42
2b3be3b0-38c3-469b-a3da-ca7a50f69cb6,fisherman.reviews,available,65.98,77.98,high,low,9,namecheap,,,28/09/2026 05:43
d991b7fc-7197-481a-86ad-7f8c32dac6e7,amplifying.reviews,available,62.99,62.99,medium,low,10,namesilo,,,17/09/2026 20:45
c5b9b888-813f-42c5-9002-c528568e7679,ornamental.reviews,available,7.99,81.99,high,low,10,name.com,,,13/08/2026 02:53
f592a989-0403-4b77-8dec-632dcb9a885a,entitled.reviews,available,65.98,77.98,high,low,8,namecheap,,,24/09/2026 14:10
f980ca6d-ea88-4a5d-88cb-21557d7fcce4,bengal.reviews,available,62.99,62.99,high,low,6,namesilo,,,23/09/2026 07:59
fb9a626d-f989-462e-bd82-d68639b25fa6,tumultuous.reviews,available,7.99,81.99,medium,low,10,name.com,,,14/08/2026 12:25
9058d8a7-109c-4bc3-8c3c-d4633a673e79,aromatic.reviews,available,62.99,62.99,high,low,8,namesilo,,,22/09/2026 08:02
f8138036-b0fe-4561-8f23-216fb55382a2,sanious.reviews,available,7.99,81.99,medium,low,7,name.com,,,21/08/2026 17:49
f2abab9e-9987-44ff-9f43-c7eb35a08017,choler.reviews,available,62.99,62.99,medium,low,6,namesilo,,,19/09/2026 06:04
3998a61c-00ab-4318-a8fd-fb5c74c69045,sitka.reviews,available,4.5,51.58,high,low,5,dynadot,,,29/09/2026 20:23
087c05bd-719f-4a33-b187-64e7f1c12fec,profuse.reviews,available,7.99,81.99,high,low,7,name.com,,,24/08/2026 11:47
8e45f22f-7d60-4589-a4c4-eedcaca6e0c8,adorables.reviews,available,7.99,,high,low,9,name.com,,,
6434c1c3-20a2-4061-b668-4db52680556c,pcp.reviews,available,62.99,62.99,high,low,3,namesilo,,,19/09/2026 05:52
d805c963-7733-4711-b12b-27f716dc5d5a,sessile.reviews,available,62.99,62.99,medium,low,7,namesilo,,,10/09/2026 04:59
4d3b54f7-f4fa-46d3-bd39-5e3fbdea8576,injurious.reviews,available,7.99,81.99,medium,low,9,name.com,,,14/08/2026 00:30
18b80155-21ed-4997-bb01-a79aa5832369,crackers.reviews,available,7.99,81.99,medium,low,8,name.com,,,06/08/2026 20:45
b8015bbb-f69a-4e81-98a0-4354d40cbd59,aries.reviews,available,62.99,62.99,high,low,5,namesilo,,,20/09/2026 05:23
d19f564a-061e-4318-acc2-9a0218fc273e,fiber.reviews,premium,102.67,102.67,high,low,5,spaceship,,,29/09/2026 19:15
84db9640-5640-462a-9ffd-7e460416ff54,victuals.reviews,available,7.99,81.99,medium,low,8,name.com,,,12/08/2026 18:52
b0b5be3e-42fe-48a3-9086-846126a58bbb,looney.reviews,available,7.99,81.99,medium,low,6,name.com,,,13/08/2026 05:34
90c3de03-f979-4c62-9d9e-f3f1c5cae2ed,ahriman.reviews,available,62.99,62.99,medium,low,7,namesilo,,,17/09/2026 20:33
126fd05b-22a0-4eb3-ba9b-8811ac3ade89,alleviant.reviews,available,7.99,81.99,medium,low,9,name.com,,,04/09/2026 23:46
c5ddd77b-ac3b-4bce-88a0-6331dc4b446a,landscaping.reviews,premium,102.67,102.67,high,low,11,spaceship,,,28/09/2026 06:56
527656ed-d929-4455-a5f9-11c127be8707,barring.reviews,available,4.63,49.95,medium,low,7,porkbun,,,29/09/2026 01:15
e78c1702-b145-41c9-a641-24f1798b16e8,kissing.reviews,available,62.99,62.99,high,low,7,namesilo,,,24/09/2026 12:56
520ada8b-7639-4eb9-84e0-a06f51592b1d,clamp.reviews,available,62.99,62.99,high,low,5,namesilo,,,24/09/2026 15:19
db8c8482-1bc4-4270-ad8c-4f1bb63eb7d0,fraction.reviews,available,4.63,49.95,high,low,8,porkbun,,,29/09/2026 07:00
4328b821-7163-4a91-9d57-682e6a0f28f8,lissom.reviews,available,7.99,81.99,medium,low,6,name.com,,,23/08/2026 23:41
b5fea7f2-b922-4ba4-92fd-2717c69da09c,fink.reviews,available,7.99,81.99,high,medium,4,name.com,,,11/08/2026 16:11
201a5843-f66e-432f-a8bf-bd3ce883f791,sparta.reviews,available,62.99,62.99,high,low,6,namesilo,,,29/09/2026 08:05
0b8a863d-42ea-4852-9ec0-f1521c79dec3,singular.reviews,available,7.99,81.99,high,low,8,name.com,,,13/08/2026 11:18
1707576a-50c9-4944-8ab4-d171ec53d6fd,passerine.reviews,available,7.99,81.99,medium,low,9,name.com,,,08/09/2026 02:29
b204f9ba-07f3-4b63-8aff-c524e2506dae,bite.reviews,available,62.99,62.99,high,low,4,namesilo,,,08/09/2026 13:01
50ab97a3-e724-44dc-b1a3-5b3b94c65a78,presidency.reviews,available,48.2,48.2,high,low,10,cloudflare,,,29/09/2026 13:43
73fb81a0-bcd8-4b73-8ab3-aab20f3963c6,atopy.reviews,available,62.99,62.99,medium,low,5,namesilo,,,21/09/2026 00:33
958d18a9-63ba-4439-847c-c37378f88f27,hassan.reviews,available,62.99,62.99,high,low,6,namesilo,,,27/09/2026 07:26
2c687863-d83e-4b99-b237-97b5f7091cfb,facile.reviews,available,7.99,81.99,high,low,6,name.com,,,16/08/2026 06:16
c6f413ff-5d48-4ee0-a545-da7a1e1442f9,antipode.reviews,available,65.98,77.98,medium,low,8,namecheap,,,19/09/2026 14:58
471705fb-2a46-4e5d-974c-1b8783acf8f0,bland.reviews,available,62.99,62.99,medium,low,5,namesilo,,,22/09/2026 21:44
1c47bb62-aed2-4050-a604-1dc9a71540db,forgiven.reviews,available,49.88,49.88,medium,low,8,spaceship,,,29/09/2026 04:41
4cac53a3-64df-4015-a3c6-8fef3cd4131b,cancellous.reviews,available,7.99,81.99,medium,low,10,name.com,,,11/08/2026 16:31
71d1dad2-422e-404d-bae0-8af4fecedb60,shelley.reviews,available,65.98,77.98,medium,low,7,namecheap,,,28/09/2026 10:20
df7b5fba-4ff0-4f6f-8ff5-8ec240e35bd4,adumbrate.reviews,available,7.99,81.99,medium,low,9,name.com,,,22/08/2026 08:33
d351b534-059b-4ab7-a00c-05edc14d203d,trujillo.reviews,available,62.99,62.99,medium,low,8,namesilo,,,28/09/2026 16:38
8fba0d89-091f-4031-af5b-1a8c6939656b,kid.reviews,premium,118.8,118.8,high,low,3,namesilo,,,25/09/2026 12:09
c3336aab-4fc9-4fa4-8c12-2c11794e6382,viewable.reviews,available,62.99,62.99,high,low,8,namesilo,,,13/09/2026 05:37
aded86be-01ac-45a3-bd0c-b70ee05a9326,blear.reviews,available,7.99,81.99,medium,low,5,name.com,,,10/08/2026 14:01
be62af15-9b6e-4646-81e2-882a565831cd,neoliberal.reviews,available,62.99,62.99,high,low,10,namesilo,,,03/09/2026 15:23
303284d5-5071-421d-9c7a-8694e630a8d7,hon.reviews,available,62.99,62.99,high,low,3,namesilo,,,25/09/2026 12:00
849e83c0-44b7-413c-8581-a0b527bb8809,phony.reviews,available,7.99,81.99,medium,low,5,name.com,,,08/08/2026 23:09
08d99e0c-0207-4462-bea4-b8e61930c723,glamorgan.reviews,available,65.98,77.98,medium,low,9,namecheap,,,29/09/2026 21:59
7c00e47f-77f3-4b2d-bc5f-f0802b73e49f,needless.reviews,available,7.99,81.99,medium,low,8,name.com,,,03/09/2026 14:55
cf8dfdcc-2ce8-4ac4-abb5-c9e765a65a21,fee.reviews,premium,102.67,102.67,high,low,3,spaceship,,,29/09/2026 05:24
1b44ec0f-76ad-43fa-89f3-6d002f47152c,backwoods.reviews,available,62.99,62.99,high,low,9,namesilo,,,21/09/2026 14:31
759d6afd-29dc-48e2-9b2c-77046b0da66a,fooled.reviews,available,48.2,48.2,low,low,6,cloudflare,,,29/09/2026 04:52
f3f84302-e41c-4ade-92cd-35800d320e43,beneficent.reviews,available,7.99,81.99,medium,low,10,name.com,,,09/08/2026 14:22
3285d16d-8ee0-42c9-abbc-c5d68822f7d7,clunky.reviews,available,7.99,81.99,medium,low,6,name.com,,,12/08/2026 13:08
1326d021-d09a-48bf-b065-2b49432ded00,chargeman.reviews,available,62.99,62.99,medium,low,9,namesilo,,,24/09/2026 04:25
c43c1eb1-6f72-47f1-895b-f75db1233c78,roadblock.reviews,available,65.98,77.98,medium,low,9,namecheap,,,22/09/2026 08:30
86732571-0afb-463a-bd77-4c016cd9f17a,graceless.reviews,available,7.99,81.99,medium,low,9,name.com,,,18/08/2026 20:43
0b080765-5c36-4b9d-828f-8a45db56f224,brusque.reviews,available,7.99,81.99,high,low,7,name.com,,,11/08/2026 07:02
199b1459-e413-4752-b6af-6be0a292bb17,stripy.reviews,available,62.99,62.99,medium,low,6,namesilo,,,10/09/2026 22:46
16c93255-7310-4f75-8c9f-384888f0987c,piggyback.reviews,available,62.99,62.99,high,low,9,namesilo,,,15/09/2026 19:45
38de7ceb-f324-489c-875e-afeb6e42d301,gate.reviews,premium,260,260,high,low,4,namecheap,,,29/09/2026 20:46
75e173ab-23e7-4095-9838-55e8e27b3ad0,ignoble.reviews,available,7.99,81.99,medium,low,7,name.com,,,21/08/2026 18:23
cb8193df-f1ed-41ea-b4fc-2ee88cb19356,congratulations.reviews,available,7.99,,high,low,15,name.com,,,
a655254f-ce30-4e52-bf3c-0f89ea2df774,artfulness.reviews,available,62.99,62.99,high,low,10,namesilo,,,20/09/2026 10:34
748bc680-bffc-49a1-87fd-4b03dff6d4fb,economics.reviews,premium,68.51,68.51,high,low,9,spaceship,,,28/09/2026 19:02
168dc19a-c221-4dff-ba86-283aa0aacc8f,chthonian.reviews,available,7.99,81.99,medium,low,9,name.com,,,12/08/2026 07:26
fe4cbc0b-2da0-4609-a5fc-ed977dbbf7ad,nightfall.reviews,available,62.99,62.99,high,low,9,namesilo,,,11/09/2026 21:44
d35f239e-ee24-4de5-a9f9-8a44d174c8df,organize.reviews,available,62.99,62.99,high,low,8,namesilo,,,23/09/2026 23:13
d15854da-d1be-49bb-98ac-4ecf18231411,tolerate.reviews,available,62.99,62.99,high,low,8,namesilo,,,24/09/2026 10:45
22482147-17b2-47f9-a5a8-a133e3bf3cd0,vibration.reviews,available,65.98,77.98,high,low,9,namecheap,,,19/09/2026 17:28
7f9e892f-71d9-472c-ab47-475a0834f3c4,heilong.reviews,available,62.99,62.99,medium,low,7,namesilo,,,19/09/2026 00:15
7e308150-d021-43b9-9453-2b3e07924d6e,don.reviews,available,65.98,77.98,high,low,3,namecheap,,,27/09/2026 08:52
a729bc20-b951-4461-8025-0bc1cedf2e9f,nucleate.reviews,available,62.99,62.99,medium,low,8,namesilo,,,03/09/2026 22:24
ea0f24df-5468-4dc0-adb2-3a8fb18dc1be,backstairs.reviews,available,7.99,81.99,medium,low,10,name.com,,,08/08/2026 06:26
8d51ef66-10f0-4396-bcf5-2b4e11435058,plug.reviews,available,49.88,49.88,high,low,4,spaceship,,,29/09/2026 00:52
84535d7f-b275-49bd-b27f-8502faa9f5ed,sire.reviews,available,62.99,62.99,high,low,4,namesilo,,,28/09/2026 14:08
79a44312-d9e9-46cc-b5b5-d3c81974d78f,lamentably.reviews,available,62.99,62.99,low,low,10,namesilo,,,14/09/2026 11:50
1d21afb9-6916-4ad5-bb4f-351c1503d84e,young.reviews,available,48.2,48.2,high,low,5,cloudflare,,,28/09/2026 09:49
02a298e8-b0e9-4c5a-9451-1ca3273d7b17,scouting.reviews,available,48.2,48.2,high,low,8,cloudflare,,,29/09/2026 00:51
252049af-e013-4efd-a3a5-4e688b8b83a1,unless.reviews,available,65.98,77.98,medium,low,6,namecheap,,,26/09/2026 03:05
c1261726-840e-432c-8550-84992fba6da0,andalucia.reviews,available,62.99,62.99,high,low,9,namesilo,,,19/09/2026 03:58
6757d7ac-da69-4c81-860b-0efe85e45e6a,teachers.reviews,premium,39,39,high,low,8,namecheap,,,18/09/2026 18:31
cfcec1de-90a4-40ef-89b5-decbd191a567,voluble.reviews,available,62.99,62.99,medium,low,7,namesilo,,,13/09/2026 06:59
49062610-ed06-49b5-bb53-f833818b7bef,rumour.reviews,available,7.99,81.99,high,low,6,name.com,,,21/08/2026 02:08
fd04ac49-d1e9-45ec-88cc-5ab8acf9e688,dma.reviews,available,48.2,48.2,high,low,3,cloudflare,,,29/09/2026 21:51
fdc57f77-3802-42a1-a01e-bb4fc6de47c2,tomboyish.reviews,available,7.99,81.99,medium,low,9,name.com,,,21/08/2026 14:32
29ff6754-cab0-41e7-ae5b-1700652913ab,insurable.reviews,available,7.99,81.99,high,low,9,name.com,,,22/08/2026 07:40
3a430ad4-129d-4b04-98e0-234dace535dd,ching.reviews,available,48.2,48.2,medium,low,5,cloudflare,,,29/09/2026 08:53
005dbe79-7bc7-4752-a958-646b2a829045,abnormally.reviews,available,62.99,62.99,medium,low,10,namesilo,,,13/09/2026 16:24
8063ffb9-27bd-4741-9c8b-d2258db43147,aligned.reviews,available,7.99,81.99,high,low,7,name.com,,,
defb5cb2-07b1-4bff-b764-1ebc80488509,bicyclic.reviews,available,7.99,81.99,high,low,8,name.com,,,09/08/2026 19:48
7ddd5904-5afc-433a-96fb-c0ac805055dc,sacrificial.reviews,available,7.99,,high,low,11,name.com,,,
972b0e01-e623-4ece-ba2a-60f538541150,uptill.reviews,available,65.98,77.98,low,low,7,namecheap,,,16/09/2026 20:20
c7440d5d-f6ff-4588-8add-4eec4def9be4,atkinson.reviews,available,62.99,62.99,high,low,8,namesilo,,,25/09/2026 17:41
65526363-264d-464c-8913-0ded299fc9d8,handed.reviews,available,7.99,81.99,high,low,6,name.com,,,20/08/2026 23:25
e1bef67f-adb2-4b78-8c6b-7cbd0c06700e,moisture.reviews,available,62.99,62.99,high,low,8,namesilo,,,13/09/2026 11:06
9989de07-d54d-4b40-af9b-0809bf5614ff,bitok.reviews,available,62.99,62.99,medium,low,5,namesilo,,,23/09/2026 22:40
f6dc3dbb-03d0-4a6a-aafc-cf1a26ae2a2b,manila.reviews,available,62.99,62.99,high,low,6,namesilo,,,29/09/2026 07:06
2234d6c1-f9ec-481d-836a-96a6230757a4,forced.reviews,available,7.99,81.99,high,low,6,name.com,,,23/09/2026 21:10
80404a6b-9237-40cc-bca4-6fc9f0643dec,rifle.reviews,premium,118.8,118.8,high,low,5,namesilo,,,27/09/2026 04:01
d9ffa4d5-2bba-42d3-9586-ca0a3b7412ea,minatory.reviews,available,7.99,81.99,low,low,8,name.com,,,24/08/2026 19:58
188165ba-07f1-4b05-84ff-91adb60a47c9,nucleonics.reviews,available,62.99,62.99,high,low,10,namesilo,,,21/09/2026 00:14
2874e747-1206-4c5d-9b17-44ee0add0f66,leased.reviews,available,7.99,81.99,high,low,6,name.com,,,12/08/2026 02:50
d04d8b14-f23a-43a9-8e8c-31dd43b50f60,peed.reviews,available,65.98,77.98,medium,low,4,namecheap,,,18/09/2026 08:17
a8f52786-c55f-46ae-b530-90314796cfee,expense.reviews,available,62.99,62.99,high,low,7,namesilo,,,24/09/2026 22:30
19e76b7e-8413-4b70-842e-273a3a701f6e,amour.reviews,available,65.98,77.98,high,low,5,namecheap,,,17/09/2026 14:07
9776cd5b-7e69-41b1-bdb9-54ecdf25a5a0,lapsing.reviews,available,62.99,62.99,medium,low,7,namesilo,,,09/09/2026 16:15
91f76ec7-3c30-4dc4-af41-24abedfac108,touches.reviews,available,49.88,49.88,medium,low,7,spaceship,,,28/09/2026 04:39
544d6f8c-f3b9-4ddd-89b0-6b14e22f9387,romanians.reviews,available,48.2,48.2,medium,low,9,cloudflare,,,30/09/2026 00:08
9a5d0e3e-e8ce-419b-b8d1-fdbd416668e4,moonfish.reviews,available,65.98,77.98,medium,low,8,namecheap,,,20/09/2026 21:37
89a4aa39-93d8-4174-acd1-4bfba2ef30b1,montrose.reviews,available,62.99,62.99,medium,low,8,namesilo,,,28/09/2026 04:14
ec6f6b54-efb6-4e49-9114-ac1bcc8f4e6e,practicality.reviews,available,62.99,62.99,high,low,12,namesilo,,,16/09/2026 09:33
f01dae83-41a5-4b23-a11e-f9119bb88c7f,zoo.reviews,premium,118.8,118.8,high,low,3,namesilo,,,26/09/2026 00:33
786fe0e0-1ef1-4aad-a5de-9a21db826b0d,unmanned.reviews,available,62.99,62.99,high,low,8,namesilo,,,09/09/2026 13:50
b9906118-5895-445b-9357-0d0feb92f501,adept.reviews,available,62.99,62.99,high,low,5,namesilo,,,21/09/2026 17:17
5dc102b3-783b-46c7-8df5-cedf930b5dc2,flesh.reviews,available,62.99,62.99,high,low,5,namesilo,,,25/09/2026 21:58
18882e03-f092-436e-b7ea-d8a6c22afe00,dear.reviews,available,65.98,77.98,high,low,4,namecheap,,,22/09/2026 19:24
43734d58-9215-4d21-bfdd-f04312e7ae3f,jamaican.reviews,available,7.99,81.99,high,low,8,name.com,,,22/08/2026 12:11
c1fd8ea7-a46a-4942-a797-2ab83c9d032c,dixon.reviews,available,62.99,62.99,medium,low,5,namesilo,,,25/09/2026 17:44
c643ae65-c271-4bcf-94ea-61b5bfd555a2,amd.reviews,available,62.99,62.99,high,low,3,namesilo,,,17/09/2026 16:44
f41cef6c-cde0-4d1d-929e-94aece5f4584,decree.reviews,available,49.88,49.88,high,low,6,spaceship,,,29/09/2026 18:35
fa9203a2-802d-4419-a3d0-2b3e2d0c54d4,authorization.reviews,available,62.99,62.99,medium,low,13,namesilo,,,28/09/2026 08:21
a4c8393c-f324-4a3a-8c23-95960ac81f07,bigwig.reviews,available,62.99,62.99,high,low,6,namesilo,,,23/09/2026 15:30
85c365fa-868c-4667-b337-42fcfb6197aa,anlage.reviews,available,62.99,62.99,medium,low,6,namesilo,,,19/09/2026 09:53
a70ca1d5-0575-4a39-9d6b-99d00a03cbd3,unwelcome.reviews,available,62.99,62.99,medium,low,9,namesilo,,,12/09/2026 22:38
985c3f74-bfa9-4349-b180-078101d6aba6,usb.reviews,premium,128.7,128.7,high,low,3,namecheap,,,28/09/2026 03:21
614833fe-bc6c-4599-bb08-131e7b965ca8,dissociate.reviews,available,7.99,81.99,medium,low,10,name.com,,,14/08/2026 11:11
124cc20b-702e-4c24-8fc6-57555362e92a,aquarium.reviews,premium,118.8,118.8,high,low,8,namesilo,,,19/09/2026 23:02
5595bd85-9746-4efd-b6c2-113dbea60956,snap.reviews,premium,118.8,118.8,high,medium,4,namesilo,,,24/09/2026 01:20
ecef4045-26c2-42bf-81e3-1385e75cd82b,convey.reviews,available,49.88,49.88,high,low,6,spaceship,,,29/09/2026 06:20
1488a577-ea93-422b-9957-fc2764069356,concerned.reviews,available,65.98,77.98,high,low,9,namecheap,,,23/09/2026 18:58
0019f0c8-5bfa-4581-993e-dea6e2f697b1,ambiguous.reviews,available,7.99,81.99,high,low,9,name.com,,,
d5970143-294b-414b-97c8-62e0f2b1abfd,comedo.reviews,available,65.98,77.98,medium,low,6,namecheap,,,24/09/2026 02:47
c9e19191-efbc-4989-b033-ddccbb6e86dd,tomorrows.reviews,available,62.99,62.99,medium,low,9,namesilo,,,21/09/2026 09:58
fd9f6e75-cdc3-4983-871f-1a66ac0b5564,odious.reviews,available,7.99,81.99,medium,low,6,name.com,,,
00af4a92-07d7-4a13-b594-5010741729e1,scary.reviews,available,7.99,81.99,high,low,5,name.com,,,12/08/2026 05:23
72e30e53-5e62-4912-a624-298a4d166767,sentenced.reviews,available,65.98,77.98,medium,low,9,namecheap,,,28/09/2026 17:52
51e1de10-b603-4a5e-95f4-1a02f1e395bf,docile.reviews,available,7.99,81.99,medium,low,6,name.com,,,14/08/2026 14:17
10880710-eca2-4919-ada4-da2c4f1fd283,cornell.reviews,available,62.99,62.99,medium,low,7,namesilo,,,29/09/2026 00:29
e63d5712-f8c3-4523-a2d9-5aff38364b14,webb.reviews,available,62.99,62.99,high,low,4,namesilo,,,22/09/2026 21:50
0e6e46df-481c-4da0-a41a-e31a9bf3b3a2,saves.reviews,available,62.99,62.99,medium,low,5,namesilo,,,28/09/2026 09:04
d1510bb4-ceb2-4041-81fb-f0a6af931ae2,shake.reviews,available,62.99,62.99,high,low,5,namesilo,,,25/09/2026 06:52
2b675355-e3cc-4006-a299-dab756c2eda7,penally.reviews,available,62.99,62.99,medium,low,7,namesilo,,,15/09/2026 19:29
d4f14cdd-df8b-401c-87c4-42263cbfcde1,environmental.reviews,premium,85.8,85.8,high,low,13,namecheap,,,
18a9cbaf-9160-478d-84a1-2bde62c22df8,forthcoming.reviews,available,49.88,49.88,high,low,11,spaceship,,,29/09/2026 14:27
75a5fb8c-9a50-452c-ab5b-6b71dddcc0cc,rye.reviews,available,49.88,49.88,medium,low,3,spaceship,,,28/09/2026 15:17
30b54699-e75b-4aa1-b57c-c47ed6d1ee83,sent.reviews,available,62.99,62.99,high,low,4,namesilo,,,19/09/2026 16:10
cc957bf3-b115-4690-8699-b6f62d336a50,redwing.reviews,available,62.99,62.99,high,low,7,namesilo,,,17/09/2026 16:57
042397c9-9f67-46db-a8ac-2b06018e1f8a,decayable.reviews,available,7.99,81.99,low,low,9,name.com,,,13/08/2026 20:54
a06f0f9e-7ff3-47cb-a6a3-1dab1fe698f7,comte.reviews,available,62.99,62.99,high,low,5,namesilo,,,21/09/2026 03:56
1126526f-9a71-4b1c-8f72-aa8899a81a2b,virago.reviews,available,62.99,62.99,medium,low,6,namesilo,,,18/09/2026 16:19
63b0ecf3-da6c-4722-a629-19013b12df92,divide.reviews,available,48.2,48.2,high,low,6,cloudflare,,,27/09/2026 20:14
d4cd66ad-45fe-44bd-b566-7075793d59c3,lorna.reviews,available,49.88,49.88,medium,low,5,spaceship,,,29/09/2026 15:29
4520a53c-d70d-4194-bede-faf504f394d9,kigali.reviews,available,62.99,62.99,high,low,6,namesilo,,,24/09/2026 12:21
8eaf7ac7-fd3b-4688-9eb2-1df35d6389f2,tympanic.reviews,available,62.99,62.99,medium,low,8,namesilo,,,11/09/2026 22:25
f0560835-5bac-4a00-b42f-13085822ceb1,dreary.reviews,available,7.99,81.99,medium,low,6,name.com,,,14/08/2026 11:47
793fe4f6-3102-4924-a315-9e374e2bb873,pestering.reviews,available,7.99,81.99,medium,low,9,name.com,,,
6ca3d277-49d0-43f7-a525-646ef05ea0f3,brambly.reviews,available,7.99,81.99,medium,low,7,name.com,,,11/08/2026 01:59
05ae3a8b-39d3-47ec-a789-6e3fc8b9bad7,affray.reviews,available,62.99,62.99,medium,low,6,namesilo,,,17/09/2026 14:43
47a7d9bc-2e44-45fc-b39d-b5073f041357,dishes.reviews,available,62.99,62.99,medium,low,6,namesilo,,,27/09/2026 02:34
208a7db0-926c-49e3-ad4b-d5b5614b8448,atavism.reviews,available,62.99,62.99,medium,low,7,namesilo,,,20/09/2026 19:45
cea3f2a9-80ca-42c2-b0c5-40ce424950f6,vestal.reviews,available,62.99,62.99,medium,low,6,namesilo,,,13/09/2026 04:47
592257ce-d8f9-46c1-876a-657f9685eb7e,infinitely.reviews,available,62.99,62.99,high,low,10,namesilo,,,14/09/2026 01:14
9eee1002-6d57-4162-9075-9b75f5df1e12,ataraxis.reviews,available,62.99,62.99,medium,low,8,namesilo,,,20/09/2026 19:42
d1473f06-6d63-491a-befb-bca4cc83d306,barrels.reviews,available,62.99,62.99,high,low,7,namesilo,,,22/09/2026 08:23
8d3c999f-ea20-4efa-959b-c89d33f5e0fc,bangs.reviews,available,62.99,62.99,medium,low,5,namesilo,,,16/09/2026 16:40
cc2bc8f7-3086-47ac-a68a-2297813b8bf0,automatism.reviews,available,62.99,62.99,medium,low,10,namesilo,,,21/09/2026 06:59
48f7313f-1ddd-4a5f-8837-1e20ff4f581a,credal.reviews,available,7.99,81.99,medium,low,6,name.com,,,13/08/2026 05:52
c6feea99-1e07-448a-9ccc-af5bf17597a2,silvio.reviews,available,62.99,62.99,medium,low,6,namesilo,,,30/09/2026 00:38
04bed0a5-be33-44c7-9385-42b0b5466bda,mendelian.reviews,available,7.99,81.99,medium,low,9,name.com,,,24/08/2026 20:06
fa9ee6b2-9860-464f-97ab-c47053f56ad3,viewer.reviews,available,48.2,48.2,high,low,6,cloudflare,,,30/09/2026 03:13
3112ec37-651a-4b88-a82f-6952484ff599,lxxxvi.reviews,available,7.99,81.99,medium,low,6,name.com,,,
ee1d0c39-8149-438a-8171-3038e2436bf9,underside.reviews,available,7.99,81.99,high,low,9,name.com,,,10/08/2026 21:15
8fdefbbc-59b3-4a34-8e6c-18923e4b924b,officer.reviews,available,62.99,62.99,high,low,7,namesilo,,,25/09/2026 09:25
50679fc2-628f-460a-9cc1-c79d730599b4,acronymous.reviews,available,7.99,81.99,medium,low,10,name.com,,,
d505ec8a-98ae-47a6-882a-1e4eb11b2bb6,hee.reviews,available,4.63,49.95,high,low,3,porkbun,,,29/09/2026 21:26
55e1c1f2-1fe7-403e-9de9-5f02d72732c5,smallest.reviews,available,49.88,49.88,medium,low,8,spaceship,,,28/09/2026 17:15
f578f9db-d7c2-476f-8dd2-023fd5adbc5e,augmented.reviews,available,62.99,62.99,high,low,9,namesilo,,,29/09/2026 12:46
a10a2bd6-0e26-4b92-9391-3c0c9b94c97e,stuffing.reviews,available,62.99,62.99,high,low,8,namesilo,,,29/09/2026 14:01
e8ea3fd7-afed-409c-821e-62686b894099,maguey.reviews,available,62.99,62.99,medium,low,6,namesilo,,,17/09/2026 16:37
227e0c84-56ad-4967-a603-b21197608f0d,karin.reviews,available,48.2,48.2,medium,low,5,cloudflare,,,29/09/2026 04:04
a146722c-03d0-4ce2-ac0d-ea0e72507d93,workers.reviews,available,7.99,,high,low,7,name.com,,,
9746b2e3-1feb-41fe-abf4-63a07f0d80b0,anemic.reviews,available,7.99,81.99,medium,low,6,name.com,,,
46731e41-cb1b-4db5-ab60-a1c9d34a1e38,magdeburg.reviews,available,62.99,62.99,high,low,9,namesilo,,,29/09/2026 09:34
1adccc2a-87ae-4d96-929c-cde882d4ee40,descent.reviews,available,62.99,62.99,high,low,7,namesilo,,,08/09/2026 13:07
4848ffcb-802c-4e92-a303-4091ae428ce7,exergonic.reviews,available,7.99,81.99,medium,low,9,name.com,,,17/08/2026 17:06
7e01e159-e161-4ffe-9169-14c1526ab029,minoan.reviews,available,7.99,81.99,medium,low,6,name.com,,,24/08/2026 23:59
7a162855-8538-47cd-87fb-fb16a296fc85,nicaean.reviews,available,62.99,62.99,medium,low,7,namesilo,,,03/09/2026 16:59
d2fce134-99c6-42a9-b1d8-d3cbef519774,walpole.reviews,available,49.88,49.88,medium,low,7,spaceship,,,28/09/2026 01:54
65f2b943-4023-4e32-b9f9-b1b3c2bfaa37,astronomer.reviews,available,65.98,77.98,high,low,10,namecheap,,,20/09/2026 18:04
b0e03523-8abc-4cf7-961f-18bd1c08bbe3,abounding.reviews,available,7.99,81.99,high,low,9,name.com,,,
1fa8ed00-c64e-4ae8-a43c-e1dfa168bc08,demonstrates.reviews,available,62.99,62.99,medium,low,12,namesilo,,,20/09/2026 23:55
088ed61c-d08c-413a-91ed-71bf0b3b2d86,talents.reviews,available,62.99,62.99,high,low,7,namesilo,,,28/09/2026 13:14
ef50b3ac-8167-472c-9883-61dad9faccd5,eared.reviews,available,7.99,81.99,medium,low,5,name.com,,,14/08/2026 14:39
44861f06-f20b-46b1-a4a9-9f3641331f9c,punkie.reviews,available,62.99,62.99,medium,low,6,namesilo,,,23/09/2026 22:31
382054eb-8150-4410-bb4b-eceed3cfae71,preacher.reviews,available,62.99,62.99,high,low,8,namesilo,,,27/09/2026 15:23
4f7b7d68-f39c-433b-a004-02e2965220ce,cavernous.reviews,available,7.99,81.99,medium,low,9,name.com,,,11/08/2026 22:51
594c6d9a-edb5-4092-b465-65a84d22928f,bazooka.reviews,available,65.98,77.98,high,low,7,namecheap,,,22/09/2026 18:25
4a1fac21-860a-4a1d-945a-c908b47448db,maitland.reviews,available,62.99,62.99,medium,low,8,namesilo,,,28/09/2026 01:57
649067f3-0ca9-4304-a9c8-670bcd13263d,replied.reviews,available,62.99,62.99,medium,low,7,namesilo,,,18/09/2026 01:09
139db832-6873-4cc5-9d5a-029c16451d1c,beetroot.reviews,available,65.98,77.98,high,low,8,namecheap,,,23/09/2026 01:58
c250b5f9-f0c8-49d7-be18-3a5708f8765f,behind.reviews,available,65.98,77.98,high,low,6,namecheap,,,22/09/2026 18:54
2c7ff880-edb2-4860-8419-b9bd48e5e2bb,interwoven.reviews,available,7.99,81.99,high,low,10,name.com,,,22/08/2026 08:08
328cc176-b304-46d7-874e-01802d280187,clothe.reviews,available,65.98,77.98,high,low,6,namecheap,,,19/09/2026 19:51
2bffd637-0412-4c5d-aeac-a3bc9488df74,hasten.reviews,available,62.99,62.99,medium,low,6,namesilo,,,09/09/2026 19:47
b1b3f08d-bf52-4bf0-a9e5-0803a4f2ab86,amity.reviews,available,62.99,62.99,high,low,5,namesilo,,,18/09/2026 21:57
f58ec82a-310b-4b09-9164-8314961fc765,honored.reviews,available,7.99,81.99,high,low,7,name.com,,,17/08/2026 13:25
12dd42a0-fd9b-4cb3-b3e0-8ae72753b503,lamely.reviews,available,62.99,62.99,low,low,6,namesilo,,,15/09/2026 10:37
f989db56-3d6b-4642-93da-1bd2b8b77ffc,interruption.reviews,available,65.98,77.98,medium,low,12,namecheap,,,29/09/2026 15:58
33d8d2bd-1a2a-4574-a281-9b3ccd46bcf2,streaky.reviews,available,62.99,62.99,medium,low,7,namesilo,,,10/09/2026 22:22
cefb0b5e-8313-4c7b-a31b-5393d1d08ca5,vexer.reviews,available,62.99,62.99,medium,low,5,namesilo,,,19/09/2026 10:52
b970184b-6f13-4dd1-a148-06c4cac73c6c,merits.reviews,available,62.99,62.99,medium,low,6,namesilo,,,29/09/2026 16:29
16ad7def-b332-4f75-bec8-96be768557e5,therefore.reviews,available,62.99,62.99,high,low,9,namesilo,,,28/09/2026 15:07
ddf82142-b32e-4446-a022-67e4aff6cd5a,berzelius.reviews,available,62.99,62.99,medium,low,9,namesilo,,,23/09/2026 10:24
dd786e91-8c94-45ec-be64-679c00fd14d3,unco.reviews,available,62.99,62.99,medium,low,4,namesilo,,,15/09/2026 23:08
8fc2fe4a-4762-4a1e-b454-d80f98c9a565,latitude.reviews,available,107.99,107.99,high,low,8,godaddy,,,30/09/2026 02:08
64b91e72-632a-46ea-a03e-801b55f6f0a1,outre.reviews,available,7.99,81.99,medium,low,5,name.com,,,10/08/2026 10:39
7eac0d7a-3604-4789-b7f7-0ce20324b9af,depictive.reviews,available,7.99,81.99,medium,low,9,name.com,,,14/08/2026 00:41
c5e606c3-1f96-48ab-b8e8-b92bf0e57e07,defined.reviews,available,62.99,62.99,high,low,7,namesilo,,,24/09/2026 05:04
a51c26df-8e80-423b-8e89-49cc21f81a1b,underlying.reviews,available,7.99,81.99,high,low,10,name.com,,,21/08/2026 22:41
723172ea-3c53-49a5-ae98-e0626d5b2b4d,unshaven.reviews,available,62.99,62.99,medium,low,8,namesilo,,,12/09/2026 19:40
fe291007-2277-418c-a38a-b79a7c995972,jingling.reviews,available,62.99,62.99,high,low,8,namesilo,,,08/09/2026 03:33
8fca278a-aa44-45c7-b023-d1f678043c51,holey.reviews,available,7.99,81.99,medium,low,5,name.com,,,21/08/2026 10:23
0c69c3ab-0a8a-40ad-8bf7-c9c3b9490f64,offroader.reviews,available,62.99,62.99,medium,low,10,namesilo,,,18/09/2026 09:00
97c01da9-7f10-42a5-aa93-9896720dd7a7,romani.reviews,available,7.99,81.99,high,low,6,name.com,,,10/08/2026 17:29
37b9d0df-5fce-4ac3-bb24-5eda45d14910,relied.reviews,available,62.99,62.99,medium,low,6,namesilo,,,20/09/2026 05:00
96fec13a-b4ac-46d7-a670-60125aaaba5f,motherlike.reviews,available,7.99,81.99,medium,low,10,name.com,,,25/08/2026 07:04
c9ae8d8e-9c0b-4954-8b76-f87b4d5d9898,doughnut.reviews,available,49.88,49.88,high,low,8,spaceship,,,28/09/2026 21:18
a639de24-b1c1-4f4b-92d7-8bff862fab06,griffiths.reviews,available,62.99,62.99,medium,low,9,namesilo,,,26/09/2026 03:40
babced0d-faa0-4525-a92e-d274b5f5279d,died.reviews,available,7.99,,low,low,4,name.com,,,
78729ad5-eae2-4179-b8f2-a6b1db62b460,uncritical.reviews,available,62.99,62.99,medium,low,10,namesilo,,,12/09/2026 06:26
ad7914bb-9e01-47e7-bde4-55bdace8ef2e,jobless.reviews,available,7.99,81.99,medium,low,7,name.com,,,22/08/2026 13:32
1f138755-caac-4963-b33e-c0df4d1e0af3,matte.reviews,available,62.99,62.99,high,low,5,namesilo,,,25/09/2026 17:39
3bb30450-9f4d-44d5-abde-eb31eee8bed9,alalia.reviews,available,65.98,77.98,medium,low,6,namecheap,,,18/09/2026 01:40
8799d089-e90c-4af2-a3c1-19ae48500b87,metre.reviews,available,62.99,62.99,high,low,5,namesilo,,,25/09/2026 15:57
0a5de043-ef93-4bf9-8afd-9a75979588c9,throng.reviews,available,62.99,62.99,high,low,6,namesilo,,,24/09/2026 17:08
85acb94f-fd46-4b76-8187-eeccbb98c91a,hearings.reviews,available,62.99,62.99,medium,low,8,namesilo,,,29/09/2026 23:58
e022f012-962b-401b-b90e-94c3ce0eedb6,kirkland.reviews,available,,,high,high,8,,,,
96bc5beb-de06-4c59-bed9-15cefcd0aefc,barrier.reviews,available,49.88,49.88,medium,low,7,spaceship,,,29/09/2026 01:15
5b3ff1cd-b5ba-489b-9ec0-3d16d8dbbbb0,balkan.reviews,available,62.99,62.99,high,low,6,namesilo,,,21/09/2026 22:14
5db9f6fa-7f76-428d-916f-6bb8b44e9717,added.reviews,available,48.2,48.2,medium,low,5,cloudflare,,,27/09/2026 21:50
a829d5a9-fc10-4c7f-b6a1-bed8e25ffce4,asthenia.reviews,available,65.98,77.98,medium,low,8,namecheap,,,20/09/2026 17:17
ab1cded8-efe2-49e7-bcf2-c4eb6a67bbad,fresher.reviews,available,7.99,81.99,high,low,7,name.com,,,18/08/2026 15:22
2b15ef4f-7c60-4a8d-b023-3136bb14e346,packaged.reviews,available,62.99,62.99,high,low,8,namesilo,,,04/09/2026 22:44
bab61d00-9c9e-44e4-9362-31ad768eed70,establishments.reviews,available,7.99,,low,low,14,name.com,,,
a696099d-af30-4805-bb6f-a65c5fd83459,insomniac.reviews,available,7.99,81.99,high,low,9,name.com,,,22/08/2026 07:22
506229fb-c306-4caa-a873-49b7f63b6d93,horrified.reviews,available,7.99,81.99,medium,low,9,name.com,,,21/08/2026 14:14
b07be3b6-96e4-4019-8104-a1a81e0d7768,neurological.reviews,available,49.88,49.88,medium,low,12,spaceship,,,29/09/2026 16:30
6dbde561-62be-42e3-a1ca-507931fc81d2,ministers.reviews,available,4.63,49.95,medium,low,9,porkbun,,,29/09/2026 17:05
596ca104-f82e-4d05-a521-663b9715381b,guide.reviews,premium,207.2,207.2,high,low,5,spaceship,,,29/09/2026 21:42
478386bc-5c32-447c-9569-7dca58ebea0b,asthma.reviews,available,65.98,77.98,high,low,6,namecheap,,,20/09/2026 17:24
9e0dff1f-e907-4841-a5e2-e353595d0a3a,balochi.reviews,available,62.99,62.99,medium,low,7,namesilo,,,21/09/2026 23:40
2e6ef58e-d680-425a-b86e-b64263770133,documentary.reviews,premium,118.8,118.8,high,low,11,namesilo,,,28/09/2026 04:30
1cc1685e-3ecd-4d72-b0f0-60780b9467d6,ananias.reviews,available,62.99,62.99,medium,low,7,namesilo,,,19/09/2026 02:03
a63b07c0-f09c-4f37-b32b-74a6ce495b20,summer.reviews,premium,118.8,118.8,high,low,6,namesilo,,,27/09/2026 05:34
a76b70f5-1e39-464c-8e27-7d32f936ff09,princely.reviews,available,7.99,81.99,high,low,8,name.com,,,14/08/2026 01:00
86c845f0-6c6b-4125-adff-f3ccbd9d7dd2,preparing.reviews,available,62.99,62.99,high,low,9,namesilo,,,27/09/2026 06:40
d7362623-b728-450f-aa5e-41c777262115,asura.reviews,available,65.98,77.98,high,low,5,namecheap,,,20/09/2026 18:26
937d9bcf-20e4-4960-8183-6c238821d774,wedding.reviews,premium,414.2,414.2,high,low,7,spaceship,,,29/09/2026 23:26
422fb04b-f826-4191-8361-103e792dda7c,antoine.reviews,available,62.99,62.99,high,low,7,namesilo,,,25/09/2026 14:52
fd56b752-8107-4b3c-9e86-c21a1dc8a7cb,kashmiri.reviews,available,7.99,81.99,medium,low,8,name.com,,,22/08/2026 15:07
b9c87efa-cb87-4528-8c81-3a217ecd09dd,chattel.reviews,available,7.99,81.99,medium,low,7,name.com,,,25/08/2026 09:00
82c2b817-142c-48ca-bf15-c4c806aff525,pertinent.reviews,available,7.99,81.99,high,low,9,name.com,,,06/08/2026 07:59
f0845ff1-0267-4320-b72e-202c0b695ca3,helical.reviews,available,7.99,81.99,medium,low,7,name.com,,,12/08/2026 16:11
5976dac3-1328-4044-9db5-d5bbff86c675,turin.reviews,available,62.99,62.99,high,low,5,namesilo,,,26/09/2026 00:26
9ffbb9f5-00b9-4429-9ea5-7ce057d1002d,announcement.reviews,available,62.99,62.99,high,low,12,namesilo,,,26/09/2026 00:47
ef78d0b9-87fd-46d5-b589-bd9094242b3b,bacon.reviews,premium,102.67,102.67,high,low,5,spaceship,,,28/09/2026 16:51
e9c241a6-c505-44ae-8ac5-7fb0ade75441,rimbaud.reviews,available,62.99,62.99,medium,low,7,namesilo,,,20/09/2026 11:03
03ee4d3b-a079-420c-8466-e08e722caf71,spontaneous.reviews,available,7.99,,high,low,11,name.com,,,
9ca6b5cb-47fa-44d7-83f8-bdaba55120df,elemental.reviews,available,7.99,81.99,high,low,9,name.com,,,16/08/2026 03:29
eb69243a-166f-4a8e-9495-8fef283ad9e2,dismal.reviews,available,7.99,81.99,medium,low,6,name.com,,,14/08/2026 11:38
074dc14a-cd71-4b0e-bfa6-fecdeec2b49d,successor.reviews,available,7.99,,high,low,9,name.com,,,
41690d72-6449-4951-9ddd-33be114b041d,dustbin.reviews,available,62.99,62.99,high,low,7,namesilo,,,20/09/2026 13:42
32cfa27c-670c-4c22-bec1-4beb831fe646,anaphor.reviews,available,62.99,62.99,medium,low,7,namesilo,,,19/09/2026 02:12
f2128322-5e9d-4de4-b5cc-7f8e7dc4c9a1,secret.reviews,premium,854,854,high,medium,6,namesilo,,,23/09/2026 14:41
3fa87c42-a726-445f-a1b7-f9fe7765aeb8,feel.reviews,available,48.2,48.2,high,low,4,cloudflare,,,29/09/2026 19:07
256bad8c-1fe9-4d97-ac27-36ed52bf1f2b,drummond.reviews,available,62.99,62.99,medium,low,8,namesilo,,,25/09/2026 15:26
029c10af-56d7-48b0-aa1b-d7ba99ff0942,butt.reviews,available,7.99,81.99,medium,low,4,name.com,,,09/08/2026 10:40
5f866298-2e08-4412-b5f8-e1b104ee4462,almoner.reviews,available,62.99,62.99,medium,low,7,namesilo,,,18/09/2026 12:40
1f4b8a70-e8ff-44a2-a56d-a3bd1351a42e,circinate.reviews,available,7.99,81.99,high,low,9,name.com,,,
f1146752-6d54-405c-bdb0-505b017502be,arachnid.reviews,available,65.98,77.98,medium,low,8,namecheap,,,19/09/2026 23:40
4bcce008-0f45-4c9c-a0ab-2ea5e4f5af22,massacre.reviews,available,48.2,48.2,medium,low,8,cloudflare,,,28/09/2026 18:34
40019597-9b64-4b31-af4f-74fd5334c36d,tombstone.reviews,available,49.88,49.88,high,low,9,spaceship,,,29/09/2026 12:58
fe54ef21-1c99-414d-b42c-24c47e0975d6,crazily.reviews,available,62.99,62.99,medium,low,7,namesilo,,,14/09/2026 09:15
3631a03f-23b5-4388-8084-8e226256a45e,clap.reviews,available,62.99,62.99,high,low,4,namesilo,,,29/09/2026 09:38
03d43105-de9d-4306-9d6d-e9996a672415,curable.reviews,available,7.99,81.99,high,low,7,name.com,,,13/08/2026 10:59
cdf862f6-45a3-4a44-a5fe-0a092e378312,clifford.reviews,available,62.99,62.99,high,low,8,namesilo,,,25/09/2026 14:06
a5334c6a-1689-402c-a3a5-b0d18bd11efb,bunchy.reviews,available,7.99,81.99,medium,low,6,name.com,,,11/08/2026 09:55
07823ea6-968f-43a8-aac4-dba2238b168b,wordless.reviews,available,62.99,62.99,high,low,8,namesilo,,,03/09/2026 11:53
74c5e68d-4dc6-4c0f-b197-797de93735f5,footling.reviews,available,7.99,81.99,medium,low,8,name.com,,,18/08/2026 03:30
f200684f-81df-4da2-acb4-ba14dd6c9f9c,earthborn.reviews,available,7.99,81.99,medium,low,9,name.com,,,14/08/2026 22:35
2866df6c-5419-4dc7-9bf4-267db4d7c6b7,pedal.reviews,available,62.99,62.99,high,low,5,namesilo,,,08/09/2026 12:17
3b30f671-07fc-4a15-8db5-8ef7061ef1c7,arson.reviews,available,62.99,62.99,high,low,5,namesilo,,,20/09/2026 09:43
c70608e1-adbe-4914-adce-872a167bc0f5,dismayed.reviews,available,7.99,81.99,medium,low,8,name.com,,,
b0fcf758-64b6-4df7-b506-3b0ef382d4dd,seawards.reviews,available,62.99,62.99,medium,low,8,namesilo,,,10/09/2026 01:02
06ac3991-b8ec-44e3-8653-055078d01c8f,flies.reviews,available,62.99,62.99,high,low,5,namesilo,,,25/09/2026 06:05
d854511d-f0e9-488e-8ffd-5724e421ab30,taxing.reviews,available,7.99,81.99,medium,low,6,name.com,,,11/08/2026 10:33
cb4a9dd6-ca70-4d19-90dc-b39fa47c0d85,bmr.reviews,available,62.99,62.99,high,low,3,namesilo,,,22/09/2026 09:49
9e2fc360-22fa-4421-89a7-17ec00900667,chirpy.reviews,available,7.99,81.99,high,low,6,name.com,,,12/08/2026 06:03
a19f351f-0c81-4a7a-ad3d-1716236cfad2,toledo.reviews,premium,72.6,72.6,high,low,6,dynadot,,,28/09/2026 15:28
ea2cff53-0301-4829-b093-0c0c581b98d1,expendable.reviews,available,7.99,81.99,high,low,10,name.com,,,17/08/2026 18:08
4ac8082b-8eaf-43d8-8fea-2f2217a8c112,heterosexual.reviews,available,48.2,48.2,high,low,12,cloudflare,,,29/09/2026 08:29
20c95ccf-6b67-4402-b6bc-2e5875dff797,respectful.reviews,available,62.99,62.99,high,low,10,namesilo,,,27/09/2026 12:44
71c1558b-bb4a-4323-8317-ae54d89b6b63,wildlife.reviews,available,62.99,62.99,high,low,8,namesilo,,,29/09/2026 08:20
48439591-da18-437c-947e-316003c892b3,mcpherson.reviews,available,65.98,77.98,high,low,9,namecheap,,,17/09/2026 21:28
b3caf532-157f-4c44-a507-4cea594cfc26,lent.reviews,available,49.88,49.88,high,low,4,spaceship,,,28/09/2026 14:42
865e5692-5e4e-4c71-933a-5cf8e22f3d31,babe.reviews,available,62.99,62.99,high,low,4,namesilo,,,29/09/2026 00:05
e8f4dded-ae65-4629-94a9-09f0aec728d5,brandenburg.reviews,available,48.2,48.2,high,low,11,cloudflare,,,27/09/2026 16:50
7e6dae98-1830-4196-a690-b0c2376dc8cb,tractable.reviews,available,7.99,81.99,medium,low,9,name.com,,,24/08/2026 15:10
58007cbf-c9ac-4465-aa80-30c76ab38068,avery.reviews,available,62.99,62.99,high,low,5,namesilo,,,25/09/2026 15:31
a83de932-3f8a-4ab9-ac15-3cb8ea6b578d,boaster.reviews,available,7.99,81.99,medium,low,7,name.com,,,11/08/2026 01:18
0426a20f-7db4-4539-9e12-7444361b664d,invested.reviews,available,49.88,49.88,medium,low,8,spaceship,,,28/09/2026 13:01
cb79b49c-b367-4192-b2e2-cbd584796eed,baghdad.reviews,available,62.99,62.99,medium,low,7,namesilo,,,29/09/2026 00:27
10a238e9-b3bc-4f87-bd52-732a8d254c73,lucullan.reviews,available,7.99,81.99,medium,low,8,name.com,,,24/08/2026 11:00
9390346b-0b5a-424a-a1fa-60421ad8b70a,trustful.reviews,available,65.98,77.98,high,low,8,namecheap,,,11/09/2026 20:45
efcbedfd-5e29-417f-8819-0bbffb35ea4e,baic.reviews,available,65.98,77.98,medium,low,4,namecheap,,,21/09/2026 18:51
d9bd7e1e-e006-4bfc-88af-1fef953245bd,billfish.reviews,available,62.99,62.99,medium,low,8,namesilo,,,23/09/2026 16:15
57a0f04b-8bc0-4e6e-bf11-a3fc0c3664e2,gainful.reviews,available,7.99,81.99,high,low,7,name.com,,,18/08/2026 19:30
567e8cf1-bef0-4394-bf4a-a10989f5010d,stagy.reviews,available,65.98,77.98,medium,low,5,namecheap,,,10/09/2026 18:04
1a7097d3-b111-41f4-8e67-0e304a064bea,operations.reviews,available,49.88,49.88,high,low,10,spaceship,,,28/09/2026 08:17
4e31d943-f72b-4c61-b667-f34f306be080,blending.reviews,available,65.98,77.98,high,low,8,namecheap,,,24/09/2026 05:51
6309262d-050f-4f58-a02e-b9d15e3a4448,dominos.reviews,available,62.99,62.99,high,low,7,namesilo,,,24/09/2026 23:28
6cf59ae7-a889-4957-8080-324c5badacaf,vocal.reviews,available,62.99,62.99,high,low,5,namesilo,,,26/09/2026 03:23
ff41a27d-e770-427b-9538-7611f428bdce,organizing.reviews,available,62.99,62.99,high,low,10,namesilo,,,18/09/2026 13:01
d8c12f18-3d25-4a01-b4cd-755c6869c15c,impressions.reviews,available,49.88,49.88,high,low,11,spaceship,,,28/09/2026 23:21
49d0a54c-1a8e-4495-b806-6f48d67a66ff,floods.reviews,available,65.98,77.98,low,low,6,namecheap,,,18/09/2026 19:03
11291c85-f177-411e-87df-7544ad168409,modeled.reviews,available,7.99,81.99,high,low,7,name.com,,,25/08/2026 02:51
b8356a0c-9697-44e5-abb5-2ac3dc3ec09e,nell.reviews,available,62.99,62.99,medium,low,4,namesilo,,,28/09/2026 07:53
c83a7c79-e44d-4afd-9f6c-fd204df8c1e1,abkhazia.reviews,available,62.99,62.99,medium,low,8,namesilo,,,16/09/2026 16:03
971789fc-ee15-4ab1-bf61-f1058700d4e2,and.reviews,available,,,high,medium,3,,,,
2ef95cd2-221f-4148-bbbb-cefa5eb13430,nps.reviews,available,49.88,49.88,high,low,3,spaceship,,,28/09/2026 16:21
e845db36-93c6-4009-9c29-1de40dc4889e,trails.reviews,premium,102.67,102.67,high,low,6,spaceship,,,29/09/2026 11:32
75aee66e-ffe9-4d58-af6e-740d9a166e05,rhodesian.reviews,available,7.99,81.99,high,low,9,name.com,,,09/09/2026 16:41
2cb9ffe8-576f-4fa5-907c-f6a16e33efc0,shadows.reviews,available,62.99,62.99,medium,low,7,namesilo,,,18/09/2026 03:26
1d2e030b-0374-4375-8fcd-9d38ca34a403,amenity.reviews,available,65.98,77.98,high,low,7,namecheap,,,17/09/2026 19:17
ba9b5948-c07f-4f34-8306-2ec54a444abc,graciously.reviews,available,62.99,62.99,high,low,10,namesilo,,,14/09/2026 21:58
e84edd33-eee1-4f6b-8940-1dabc2a3abf4,agreed.reviews,available,62.99,62.99,high,low,6,namesilo,,,21/09/2026 23:21
3359cc61-c58c-4d1a-a8dc-11a0cfc71923,dusk.reviews,available,65.98,77.98,high,low,4,namecheap,,,11/09/2026 21:39
824377cc-c739-4165-8753-2f35af50b676,cropped.reviews,available,7.99,81.99,high,low,7,name.com,,,13/08/2026 07:53
2a7c83f6-b57e-4950-acfa-94b823cbc8c4,truncated.reviews,available,65.98,77.98,medium,low,9,namecheap,,,11/09/2026 20:42
5fe913d5-1e6b-4987-a7cc-49617f575d71,shenzhen.reviews,available,49.88,49.88,medium,low,8,spaceship,,,29/09/2026 04:19
e6796787-4809-4fe4-9521-13016e34b4d6,psd.reviews,premium,128.7,128.7,high,low,3,namecheap,,,29/09/2026 21:36
5303ee5e-4ed2-4422-97bc-6074d945a9a4,fundament.reviews,available,7.99,81.99,medium,low,9,name.com,,,09/08/2026 10:59
a9397885-3360-411f-a291-1e8da061e591,strangers.reviews,available,7.99,81.99,medium,low,9,name.com,,,
b05a0827-70c5-4ab9-9ec1-23b588aca2b6,sulfur.reviews,available,65.98,77.98,high,low,6,namecheap,,,20/09/2026 22:28
6b1ca30e-98ea-4afe-a65d-79044c94840a,newborn.reviews,available,62.99,62.99,high,low,7,namesilo,,,03/09/2026 16:41
b08e05ae-2083-4c34-873a-aced513b9424,tourism.reviews,premium,828.2,828.2,high,low,7,spaceship,,,29/09/2026 20:31
d682dee7-eaac-4095-9326-1a3bd9a4a5d8,accepting.reviews,available,62.99,62.99,high,low,9,namesilo,,,21/09/2026 15:33
c01cdaed-7120-4de8-b53f-61a41d229d7b,tannish.reviews,available,62.99,62.99,medium,low,7,namesilo,,,11/09/2026 08:03
2da58bcc-ba40-4dca-b5b0-67904efe4fc9,say.reviews,available,7.99,,high,low,3,name.com,,,
1ac91cd4-8acc-4d3b-b164-3d2f24b213e7,adalia.reviews,available,62.99,62.99,medium,low,6,namesilo,,,17/09/2026 06:12
c3837762-5a1b-4544-8fb6-d21e0eef83a9,alarmism.reviews,available,62.99,62.99,medium,low,8,namesilo,,,18/09/2026 01:58
db1be090-dce5-497f-9d6d-c9c5a1066f32,atilt.reviews,available,7.99,81.99,medium,low,5,name.com,,,07/08/2026 13:13
23f2035d-4b5e-4770-8f21-6e71e14f54d0,corporal.reviews,available,7.99,81.99,high,low,8,name.com,,,13/08/2026 01:52
7d55c057-48de-4e98-a1cd-3bf06a1a2ade,synthetic.reviews,available,7.99,81.99,high,low,9,name.com,,,11/08/2026 23:35
d0f8c5be-f14a-43c5-95c6-aee0d95754be,begetter.reviews,available,62.99,62.99,medium,low,8,namesilo,,,23/09/2026 02:08
57278416-6e8b-4d5b-bb27-2de05fdd8525,spidery.reviews,available,7.99,81.99,medium,low,7,name.com,,,06/08/2026 11:46
f2fafd09-5ac7-432c-90a6-01781013f16c,awaken.reviews,available,62.99,62.99,high,low,6,namesilo,,,22/09/2026 14:40
bd164372-c8a9-4d97-b187-0ef988e52a21,capability.reviews,available,65.98,77.98,high,low,10,namecheap,,,24/09/2026 12:11
481bc69e-0c88-4b8a-850b-68e6ccf67311,miscreant.reviews,available,62.99,62.99,medium,low,9,namesilo,,,09/09/2026 14:38
2d4db8f8-76e3-4ea6-89b1-9e04266d33ac,viper.reviews,available,62.99,62.99,high,low,5,namesilo,,,30/09/2026 03:06
1fb9149a-43c2-4712-99bd-25f914b70543,connatural.reviews,available,7.99,81.99,medium,low,10,name.com,,,12/08/2026 22:18
85b7234e-d01c-431c-a971-57960261c0c3,emoji.reviews,available,62.99,62.99,high,low,5,namesilo,,,25/09/2026 09:43
e26a20db-a95d-4ef0-866d-ef69a1d0bd34,unburied.reviews,available,62.99,62.99,medium,low,8,namesilo,,,12/09/2026 04:40
71dcc9d3-a615-41ba-9772-69e9a389265f,bilateral.reviews,available,7.99,81.99,high,low,9,name.com,,,09/08/2026 21:14
429e5c7d-dded-4bd2-b51c-77007b7ad186,aneroid.reviews,available,7.99,81.99,medium,low,7,name.com,,,
c08bdca6-ac8f-4009-bbcf-092dd0431fb9,calcutta.reviews,available,4.63,49.95,high,low,8,porkbun,,,30/09/2026 00:56
bbabdfdb-7903-428f-b225-8295535824c3,saturated.reviews,available,62.99,62.99,medium,low,9,namesilo,,,09/09/2026 21:53
71f81ad0-de3d-4b2c-a3e1-75ad700fc005,dispensary.reviews,resell,,,high,low,10,"GoDaddy.com, LLC",02/06/2023 12:21,02/06/2027 12:21,26/09/2026 05:35
409fbb65-e5e4-4595-972a-6eaad3c97488,rained.reviews,available,62.99,62.99,medium,low,6,namesilo,,,20/09/2026 05:42
ae897393-690e-4572-8918-2d73d1146f69,moorish.reviews,available,7.99,81.99,high,low,7,name.com,,,25/08/2026 05:59
06d0d719-caed-44e6-9377-6a1eccb5c918,dns.reviews,resell,,,high,medium,3,,,,29/09/2026 03:47
6eb48dd5-8108-4d73-a228-9bee086ca6ae,gilt.reviews,available,7.99,81.99,high,low,4,name.com,,,18/08/2026 23:34
65786358-afda-4cb8-8de1-4d9fe97bd5f4,uniformly.reviews,available,62.99,62.99,medium,low,9,namesilo,,,16/09/2026 10:05
ad3d7390-192e-4514-977d-524256484cf5,electrons.reviews,available,62.99,62.99,medium,low,9,namesilo,,,29/09/2026 16:19
e699e359-89d4-43d8-bd69-0bca4dfa52ca,suppress.reviews,available,62.99,62.99,medium,low,8,namesilo,,,29/09/2026 00:32
3dea000c-a132-486f-8c3a-7e9a35884f00,tracing.reviews,available,7.99,,high,low,7,name.com,,,
a4c73b7d-da39-4e41-8661-74525d2b3410,conscious.reviews,available,65.98,77.98,high,low,9,namecheap,,,23/09/2026 20:38
9f3b29a2-e793-4e86-96ab-f5456f9a683b,winifred.reviews,available,4.63,49.95,medium,low,8,porkbun,,,28/09/2026 21:52
44383522-ed8c-4051-a55e-e5509a6c8b02,bawdy.reviews,available,7.99,81.99,medium,low,5,name.com,,,09/08/2026 02:05
60d78758-456b-4bf3-afe5-3d5af75e5a08,just.reviews,resell,,,high,medium,4,Porkbun LLC,26/07/2026 19:25,26/07/2027 19:25,26/09/2026 07:03
fad937b9-532d-4003-ab7d-f30db545bcf7,sons.reviews,available,62.99,62.99,medium,low,4,namesilo,,,27/09/2026 09:28
ff0946d3-e062-4b39-af15-56ead6e62de8,radioactivity.reviews,available,7.99,,medium,low,13,name.com,,,
aea6ec49-57e8-4948-9b20-9bce7ba5fb8a,orbiter.reviews,available,62.99,62.99,high,low,7,namesilo,,,09/09/2026 21:35
666d3834-bb39-4b6a-9d38-92f3bd3d5e34,subnormal.reviews,available,62.99,62.99,medium,low,9,namesilo,,,11/09/2026 00:28
2c33bb2b-4a63-49d9-9137-e7832f829f8c,billet.reviews,available,62.99,62.99,high,low,6,namesilo,,,23/09/2026 10:14
8f9612dc-ba13-4051-a674-a384d865951c,poetic.reviews,available,62.99,62.99,high,low,6,namesilo,,,08/09/2026 22:33
e44fbac3-c686-43d7-8a79-d8889442e886,voluptuous.reviews,available,7.99,81.99,high,low,10,name.com,,,10/08/2026 20:39
5b659720-d321-4d9d-b1da-25b1bc969627,daryl.reviews,available,65.98,77.98,medium,low,5,namecheap,,,29/09/2026 04:03
cddb9207-2598-4742-b499-fecc04ea3637,iraki.reviews,available,7.99,81.99,medium,low,5,name.com,,,22/08/2026 09:37
d60fc5d9-f7c7-492a-8a4a-843d86ea3890,oldfield.reviews,available,62.99,62.99,medium,low,8,namesilo,,,22/09/2026 06:52
5e091889-7162-4116-9a6b-6d73e75e15e0,backlash.reviews,available,65.98,77.98,high,low,8,namecheap,,,21/09/2026 15:29
75d63bdf-be95-4b8c-a46f-e4cc50697ef7,altruism.reviews,available,4.63,49.95,high,low,8,porkbun,,,28/09/2026 20:45
48c3e0d8-66c3-4ca7-b446-9abacf071d32,dinosaur.reviews,available,49.88,49.88,high,low,8,spaceship,,,29/09/2026 15:02
c9c5ba8f-bde1-4f4a-9bbe-97d88ed18064,knee.reviews,available,62.99,62.99,high,low,4,namesilo,,,20/09/2026 11:27
396364ba-1b84-4bd5-b27b-5e43df6cd898,relies.reviews,available,62.99,62.99,medium,low,6,namesilo,,,20/09/2026 06:27
0b4eb117-9c0e-4b97-a424-790a619c4b3a,questionable.reviews,available,62.99,62.99,high,low,12,namesilo,,,29/09/2026 02:59
5730538a-fde9-4405-a44b-762757ea6319,jorge.reviews,available,62.99,62.99,high,low,5,namesilo,,,25/09/2026 13:21
99ad8cac-272a-43b9-96d0-facfd589263b,carried.reviews,available,62.99,62.99,medium,low,7,namesilo,,,25/09/2026 17:00
ce9de04a-2386-4f98-840c-3a872c39a5d0,observe.reviews,available,65.98,77.98,high,low,7,namecheap,,,25/09/2026 23:53
5be8e024-b9be-4d79-85a7-5735c93f1661,saliva.reviews,available,49.88,49.88,medium,low,6,spaceship,,,29/09/2026 13:54
3445097a-36d3-4fd8-a7cf-0b543b19cedd,flowered.reviews,available,7.99,81.99,high,low,8,name.com,,,18/08/2026 08:56
652e7f44-ddc5-49bc-8305-1e9a7e05c45e,spacious.reviews,available,49.88,49.88,high,low,8,spaceship,,,27/09/2026 16:20
31b6b0b0-23d7-489c-a2f0-e9acfa8ab134,also.reviews,available,65.98,77.98,high,low,4,namecheap,,,28/09/2026 12:05
d112f99b-3bec-402a-83f2-521b1e36798e,burglar.reviews,available,62.99,62.99,medium,low,7,namesilo,,,30/09/2026 00:56
346ca5d6-0697-4d23-989c-26d32887c1c3,bleary.reviews,available,7.99,81.99,medium,low,6,name.com,,,10/08/2026 13:59
606f7775-1374-4287-8480-5dc82a09573e,turner.reviews,available,62.99,62.99,high,low,6,namesilo,,,29/09/2026 00:58
dd5b1b5f-000b-41f7-b9c9-5b127435c565,clipboard.reviews,available,65.98,77.98,high,low,9,namecheap,,,24/09/2026 15:44
4acab118-e9f8-4487-b05c-adc56bb38fca,bracing.reviews,available,62.99,62.99,high,low,7,namesilo,,,11/08/2026 00:30
fb413b5b-295f-4157-ae07-69fe0ad90f36,biosensors.reviews,available,62.99,62.99,medium,low,10,namesilo,,,21/09/2026 02:37
a47075bc-2129-42a6-9cdd-fa1a79329530,bavarian.reviews,available,7.99,81.99,medium,low,8,name.com,,,09/08/2026 02:00
ec0630e5-545f-458b-bef2-c67bb7092f19,spineless.reviews,available,7.99,81.99,medium,low,9,name.com,,,22/08/2026 08:58
a2e448a6-10a7-42cb-9469-b8802141a238,pocahontas.reviews,available,49.88,49.88,high,low,10,spaceship,,,29/09/2026 07:34
599225a9-4dcb-455e-b5b3-f7978a2d14da,generating.reviews,available,7.99,,medium,low,10,name.com,,,
08a674cd-5e36-4b0b-8c39-b3895807d20c,busy.reviews,available,65.98,77.98,high,low,4,namecheap,,,23/09/2026 12:11
d8c7d3f8-c89a-4a33-98eb-52f6bfbf6602,bucks.reviews,available,62.99,62.99,high,low,5,namesilo,,,25/09/2026 13:26
81f3c722-00f4-4615-8d94-759d54c83c5c,tamely.reviews,available,62.99,62.99,medium,low,6,namesilo,,,16/09/2026 07:53
ab47c930-a192-4ffd-a12d-f50ed197ff5a,convergent.reviews,available,7.99,81.99,high,low,10,name.com,,,12/08/2026 23:50
37aa57f9-10d1-4811-91f9-621149e2bbb6,pumpkin.reviews,available,62.99,62.99,high,low,7,namesilo,,,21/09/2026 08:26
1cbb8a4d-684f-4afa-91dc-cfa0ea2daf67,homicide.reviews,available,62.99,62.99,high,low,8,namesilo,,,25/09/2026 07:26
50ceb9f0-4ded-471f-addd-4acf093076cd,recoil.reviews,available,62.99,62.99,high,low,6,namesilo,,,21/09/2026 15:32
9b448db0-9106-4618-bd89-412693a10406,unshoed.reviews,available,65.98,77.98,low,low,7,namecheap,,,12/09/2026 19:51
35269d25-50a3-4df0-ae9c-5c82cacda62f,prove.reviews,available,49.88,49.88,high,low,5,spaceship,,,30/09/2026 02:36
6905e8a3-033f-4acd-b2e3-0f68108ea8e1,aestival.reviews,available,7.99,81.99,medium,low,8,name.com,,,
33ee445a-5cfd-4297-8db2-d356872d69e4,forked.reviews,available,7.99,81.99,high,low,6,name.com,,,09/08/2026 20:14
93c47c16-a556-47b6-9bd8-4558b0e623f8,vowels.reviews,available,62.99,62.99,medium,low,6,namesilo,,,20/09/2026 00:07
52ffa18c-f5a9-413f-9328-7bcf30e5ad99,payable.reviews,available,7.99,81.99,high,low,7,name.com,,,12/08/2026 16:58
d3aac813-844f-4334-b0b9-8ecf5382e67a,marcia.reviews,available,4.5,51.58,high,low,6,dynadot,,,28/09/2026 03:56
e81a12e2-d5ac-41f6-857d-6a6cc1b23139,worse.reviews,available,49.88,49.88,high,low,5,spaceship,,,28/09/2026 10:56
0380e6e6-23ef-4aa6-8fcb-8b6200d461bf,hazel.reviews,available,7.99,81.99,high,low,5,name.com,,,21/08/2026 01:45
12e97bcb-0d17-47a5-988e-74bf79e5dcb1,shush.reviews,available,7.99,,medium,low,5,name.com,,,
4f7c80a8-9711-4a5d-8a38-1a3c1fc656df,figural.reviews,available,7.99,81.99,medium,low,7,name.com,,,18/08/2026 03:51
bf063b86-694a-482f-af09-3f0358b11b58,azo.reviews,available,7.99,81.99,high,low,3,name.com,,,08/08/2026 02:17
1c115596-0cb4-4292-9765-76a0b402fa21,lunchtime.reviews,available,7.99,,high,low,10,name.com,,,
3bb09839-a477-4ff7-bb7c-0bd1b89c53eb,holyoke.reviews,available,4.63,49.95,medium,low,7,porkbun,,,28/09/2026 08:11
09ff05e3-a4fb-4123-b39b-d284b9cac505,positional.reviews,available,62.99,62.99,high,low,10,namesilo,,,09/09/2026 00:06
7f760476-4c1e-448c-bfaf-d14cbfabc968,moderator.reviews,available,7.99,,high,low,9,name.com,,,
ba5858f3-ffca-4bed-ac40-19cbdc60107e,uptight.reviews,available,7.99,81.99,medium,low,7,name.com,,,15/08/2026 09:30
115e8d25-fc1b-4f7f-b356-b24f0bae3abc,pulitzer.reviews,available,48.2,48.2,high,low,8,cloudflare,,,29/09/2026 19:26
440640a5-fc3d-4315-83f1-93cda7894a82,prototype.reviews,available,49.88,49.88,high,low,9,spaceship,,,28/09/2026 14:03
5f771fa5-59b6-49cb-b750-8e91343dfeb8,arquebus.reviews,available,62.99,62.99,medium,low,8,namesilo,,,20/09/2026 08:40
c9ab0142-ae00-4a94-9c66-5bcd160e4805,maids.reviews,available,62.99,62.99,medium,low,5,namesilo,,,30/09/2026 00:12
dbec16bd-9540-435e-960d-85598cc310f7,wheelchair.reviews,premium,118.8,118.8,high,low,10,namesilo,,,28/09/2026 11:05
63a45fd7-19da-4dec-8d8f-08672120023c,emmy.reviews,available,48.2,48.2,high,low,4,cloudflare,,,29/09/2026 06:46
63933de7-06b2-4fa1-8717-894727412ff4,examining.reviews,available,62.99,62.99,high,low,9,namesilo,,,29/09/2026 08:41
fc53ad9c-5272-4ccb-8be3-5256de3b3b84,verdun.reviews,available,62.99,62.99,medium,low,6,namesilo,,,22/09/2026 16:19
11e5ec15-2fd5-404d-9726-182683518910,pastry.reviews,available,49.88,49.88,high,low,6,spaceship,,,29/09/2026 13:40
85c733f0-8d17-4335-8ccd-ac16ef4f4627,linnean.reviews,available,7.99,81.99,medium,low,7,name.com,,,23/08/2026 17:24
c0e0658c-08bf-49ac-8304-af68841c026a,disappear.reviews,available,62.99,62.99,high,low,9,namesilo,,,27/09/2026 05:58
b3671d58-ef75-411f-bc5a-bc866935885c,shows.reviews,available,62.99,62.99,high,low,5,namesilo,,,18/09/2026 14:42
a85cd8b0-107a-43e6-99ee-f7c16ed575a0,hodgkin.reviews,available,62.99,62.99,medium,low,7,namesilo,,,18/09/2026 01:43
2fefeefc-d129-41b9-ad1f-ba1ba5ffe7b7,nihilist.reviews,available,62.99,62.99,high,low,8,namesilo,,,19/09/2026 02:26
ccd02a8d-6d34-4b41-aefd-81890a88e537,sutton.reviews,available,62.99,62.99,high,low,6,namesilo,,,25/09/2026 16:50
f2513b12-bcaa-4e38-8752-9dca72aa9789,sometimes.reviews,available,62.99,62.99,high,low,9,namesilo,,,16/09/2026 04:53
0785ed2a-9454-4a86-8946-7d0e74313942,none.reviews,available,62.99,62.99,high,low,4,namesilo,,,25/09/2026 23:02
553d3ae5-b047-4181-9fa0-66748e21df7f,appointed.reviews,available,7.99,81.99,high,low,9,name.com,,,06/08/2026 07:21
96737a9c-7783-4cec-99fb-f2a9874c5b6f,sounding.reviews,available,62.99,62.99,high,low,8,namesilo,,,25/09/2026 14:20
b2c33ead-ca6f-4421-896d-03ffc3e8694a,abe.reviews,available,62.99,62.99,high,low,3,namesilo,,,25/09/2026 11:28
a35ded2f-8184-4417-a4e7-2c5bb95c94d1,apodous.reviews,available,7.99,81.99,medium,low,7,name.com,,,06/08/2026 01:21
724f5b0f-3270-40b2-9720-a534d5616dbc,pizza.reviews,premium,118.8,118.8,high,medium,5,namesilo,,,28/09/2026 04:34
b9223e06-2200-484b-b7b0-2f0172946f11,responses.reviews,available,4.5,51.58,high,low,9,dynadot,,,29/09/2026 17:29
7099edcb-038c-4781-b06d-b95bafedd30c,bilgy.reviews,available,7.99,81.99,medium,low,5,name.com,,,09/08/2026 21:16
a12e12c8-5725-4cb2-88fe-98f7c7ec7142,reentrant.reviews,available,62.99,62.99,medium,low,10,namesilo,,,09/09/2026 10:51
ae4e1bbf-8ad3-41ff-907c-b1e00ab266ca,beijing.reviews,available,62.99,62.99,high,low,7,namesilo,,,23/09/2026 04:10
90cd8850-f8ef-45d3-ae0b-9a37cd80235c,deviance.reviews,available,65.98,77.98,medium,low,8,namecheap,,,16/09/2026 15:16
a7428bb1-2cd7-4d4a-a6f5-fe5eb3355bf2,skilful.reviews,available,62.99,62.99,high,low,7,namesilo,,,21/09/2026 17:29
f3913d8a-dedb-4bfd-a230-628eaaf8a5b1,hexed.reviews,available,7.99,81.99,medium,low,5,name.com,,,21/08/2026 07:51
95f7c0df-a3de-4035-a6ba-415bc7132536,epizoon.reviews,available,7.99,81.99,medium,low,7,name.com,,,15/08/2026 00:52
6d039f5d-cd3d-4aee-bdbd-29b5750fcebd,toys.reviews,premium,854,854,high,low,4,namesilo,,,20/09/2026 06:04
20b1e499-adbb-4bf8-b6b8-f978a8854057,randoms.reviews,available,65.98,77.98,low,low,7,namecheap,,,19/09/2026 22:13
87433c63-a159-4097-9b2e-fea901d3489f,drops.reviews,available,62.99,62.99,high,low,5,namesilo,,,18/09/2026 04:47
741dcbec-cd47-4022-ade8-42d0182180a8,pointy.reviews,available,7.99,,high,low,6,name.com,,,
569d6c79-f0f9-4c64-9ee3-7f29fb260461,pages.reviews,available,62.99,62.99,high,low,5,namesilo,,,17/09/2026 10:38
8e7043a9-cea7-47c6-a38c-ca9d0fc5e3a9,australasian.reviews,available,4.5,51.58,medium,low,12,dynadot,,,29/09/2026 03:04
9d226111-040a-4740-a0e8-43535b5b16e6,backboard.reviews,available,62.99,62.99,high,low,9,namesilo,,,21/09/2026 15:09
8d2799cb-a66f-4891-9ed1-267657c429a2,neonatal.reviews,available,7.99,81.99,medium,low,8,name.com,,,03/09/2026 15:27
7f437e1f-f871-421d-a7ff-2b6692d2fb20,culpable.reviews,available,7.99,81.99,medium,low,8,name.com,,,10/08/2026 12:34
f938de8e-88e9-460d-84ee-3660024df765,screenshot.reviews,available,7.99,,high,low,10,name.com,,,
94d6b74a-6bdb-416c-af23-6acbf69a6e13,ignacio.reviews,available,65.98,77.98,medium,low,7,namecheap,,,28/09/2026 08:56
a7c7c90e-22d1-4868-8775-413cb8e272c9,scientists.reviews,available,65.98,77.98,medium,low,10,namecheap,,,27/09/2026 11:19
c67fdce7-66e2-4409-ad99-a6583340041c,anosmic.reviews,available,7.99,81.99,medium,low,7,name.com,,,
d8a7924d-9f02-4bd5-8b3d-af0ebbd428f1,toss.reviews,available,7.99,81.99,high,low,4,name.com,,,18/08/2026 08:30
5617b158-0cd1-4a9e-a35e-c13a4decb905,utilized.reviews,available,62.99,62.99,medium,low,8,namesilo,,,13/09/2026 00:05
e580f8c8-f73b-4319-b394-3c320b560d9a,sensitive.reviews,available,49.88,49.88,high,low,9,spaceship,,,27/09/2026 20:05
d0bb1ee6-09f6-4b24-b3e9-4b59c629335d,lenox.reviews,available,65.98,77.98,medium,low,5,namecheap,,,28/09/2026 22:22
5666b9e1-22f2-4ec4-aeda-8b85a76ee831,sublimated.reviews,available,62.99,62.99,medium,low,10,namesilo,,,11/09/2026 00:06
e03b6c98-a261-4a3b-a4e3-8c21a7523ed3,ripped.reviews,available,62.99,62.99,high,low,6,namesilo,,,27/09/2026 17:41
698dec53-69e2-4bb1-be0f-94d02ad310b4,unreleased.reviews,available,65.98,77.98,medium,low,10,namecheap,,,12/09/2026 18:08
5770bc17-7c75-43b5-920b-68c4d705f94f,reticent.reviews,available,4.63,49.95,medium,low,8,porkbun,,,27/09/2026 12:59
b6e79cd7-5885-4a21-9f0e-c9b4d5da3ee3,desert.reviews,available,65.98,77.98,high,low,6,namecheap,,,24/09/2026 06:40
1562748e-39e7-450a-a856-7ec3c75bf5fc,inwards.reviews,available,7.99,81.99,high,low,7,name.com,,,21/08/2026 23:32
866d0bb5-0880-48af-bcae-ef852df20903,readably.reviews,available,62.99,62.99,medium,low,8,namesilo,,,14/09/2026 11:08
af26beb6-11c2-46ef-a02f-96d4092fce46,nobody.reviews,available,7.99,,high,low,6,name.com,,,
b44887c9-705c-4eca-bca0-6fc6e9e52fc7,beauregard.reviews,available,62.99,62.99,high,low,10,namesilo,,,29/09/2026 21:40
239760ff-f907-4053-b6b3-dcfdf6315c40,factors.reviews,available,65.98,77.98,medium,low,7,namecheap,,,29/09/2026 10:49
6fd2e7d5-5277-4b2e-a642-65b1d1337770,backspace.reviews,available,62.99,62.99,high,low,9,namesilo,,,21/09/2026 16:01
261676c3-ff8f-4ff6-9a4b-0377aa7c90e3,backless.reviews,available,7.99,81.99,medium,low,8,name.com,,,08/08/2026 05:48
9dd92b4a-5906-4940-b436-b984ad08de22,torn.reviews,available,62.99,62.99,high,low,4,namesilo,,,25/09/2026 16:39
5f3c22b0-e648-4e43-a095-01230d14ac9d,arbitral.reviews,available,7.99,81.99,medium,low,8,name.com,,,06/08/2026 12:48
de8bd0bf-0da7-488e-950d-8f1847320c95,fledgeling.reviews,available,7.99,81.99,medium,low,10,name.com,,,18/08/2026 07:32
e5be391c-0b57-441e-9ecb-e9a24dd9d7bb,macarthur.reviews,available,65.98,77.98,high,low,9,namecheap,,,25/09/2026 20:07
9a589b5f-a307-4002-96a0-4e650b684cdb,exhaustive.reviews,available,7.99,81.99,high,low,10,name.com,,,17/08/2026 17:08
a0b8e3e7-6a2b-44f9-bd57-a1b9f61f4364,deliveries.reviews,available,62.99,62.99,medium,low,10,namesilo,,,29/09/2026 11:38
63f270c4-2b75-489e-b3db-f693a48bbfd4,bless.reviews,available,7.99,,high,low,5,name.com,,,
f435c42e-9a94-4f20-a385-053885e4cbcf,distant.reviews,available,62.99,62.99,high,low,7,namesilo,,,22/09/2026 02:03
7df4fb9e-436b-45ae-b710-1f23631f3b9e,categorial.reviews,available,7.99,81.99,medium,low,10,name.com,,,11/08/2026 21:27
909b491d-2e46-4220-a3e4-c95733479888,preston.reviews,available,7.99,81.99,high,low,7,name.com,,,25/09/2026 20:01
8bd8f1e2-78f2-4154-b362-494dde6d72d5,temples.reviews,available,4.5,51.58,medium,low,7,dynadot,,,29/09/2026 15:51
02802d5b-a7a5-4d66-a257-5ab9dd06971a,straighten.reviews,available,62.99,62.99,high,low,10,namesilo,,,11/09/2026 15:43
f0a715d5-1ae4-4a38-80d1-edf25e5eb515,mass.reviews,available,49.88,49.88,high,low,4,spaceship,,,28/09/2026 22:52
17cc0b27-7fce-4e38-b1c4-5a38f115fd83,skipjack.reviews,available,65.98,77.98,medium,low,8,namecheap,,,20/09/2026 21:35
2309291a-2406-4fb3-a881-bac6479e2380,customize.reviews,available,7.99,,high,low,9,name.com,,,
9f83bb76-4428-4af2-9d1b-0af78ad0b6a3,barbeque.reviews,available,62.99,62.99,high,low,8,namesilo,,,29/09/2026 01:07
bb26d063-c6b2-4314-872f-24ef4f13a70e,knocks.reviews,available,62.99,62.99,medium,low,6,namesilo,,,20/09/2026 13:49
6a5d2cb1-b0c6-4967-a405-07a6306c61a3,arboreal.reviews,available,7.99,81.99,high,low,8,name.com,,,06/08/2026 13:18
a59c08bb-b9e5-41f3-b7b2-e172d68d775f,bae.reviews,available,7.99,,high,low,3,name.com,,,
ec749c0d-8cf5-436d-a162-4af209886f51,kirkwood.reviews,available,62.99,62.99,high,low,8,namesilo,,,29/09/2026 10:55
dc3d2a52-014c-45ca-89d1-31e93d93e7b9,basically.reviews,available,49.88,49.88,medium,low,9,spaceship,,,28/09/2026 13:22
d1b46a3d-5aa0-4c37-8707-70229989e19a,courtly.reviews,available,7.99,81.99,high,low,7,name.com,,,13/08/2026 03:50
e1281c98-81f3-4eac-b793-f28fece04b0c,wharf.reviews,available,7.99,,high,low,5,name.com,,,
4dc12380-019d-4e90-b475-b0c43294a519,grandiose.reviews,available,7.99,81.99,high,low,9,name.com,,,20/08/2026 17:58
13d9fa9e-de71-4bd3-aa32-d5c827a09784,operated.reviews,available,7.99,,high,low,8,name.com,,,
8db45d7c-b11f-4029-809a-444db0806342,raced.reviews,available,49.88,49.88,high,low,5,spaceship,,,30/09/2026 00:22
fc30ae5f-a02f-4307-a2c6-3bad2a7cc6ab,alkene.reviews,available,62.99,62.99,medium,low,6,namesilo,,,18/09/2026 08:28
7e114f6e-1036-4028-8d16-0e0d17832d77,constance.reviews,available,4.63,49.95,medium,low,9,porkbun,,,28/09/2026 18:26
34eb2d49-6a26-43cc-a25e-6c9f1773a627,indian.reviews,premium,35.4,35.4,high,low,6,namesilo,,,22/09/2026 04:13
3ccb1119-fac8-4ed7-8ac7-e8d13f0ca304,terribly.reviews,available,62.99,62.99,medium,low,8,namesilo,,,22/09/2026 15:23
1eca0d41-edb1-4707-9370-18998085d50d,reese.reviews,available,48.2,48.2,high,low,5,cloudflare,,,27/09/2026 20:02
81fc7c1d-153e-435c-8787-89334527a720,illiterate.reviews,available,7.99,81.99,medium,low,10,name.com,,,21/08/2026 20:03
6fc2757b-23c1-4295-bab3-97502cd14519,surprises.reviews,available,62.99,62.99,high,low,9,namesilo,,,20/09/2026 10:56
390b507f-a582-4747-974d-96e552211217,rolf.reviews,available,49.88,49.88,high,low,4,spaceship,,,28/09/2026 06:01
19bfa9d0-71c5-4084-b758-63a36a9898c3,bun.reviews,available,62.99,62.99,high,low,3,namesilo,,,24/09/2026 11:10
118c6f37-a6a3-47b1-a51d-710e0b0c003a,forgetful.reviews,available,7.99,81.99,medium,low,9,name.com,,,18/08/2026 11:56
5dee9255-b2a3-4b57-88be-2c38c323c25d,mutagenic.reviews,available,62.99,62.99,medium,low,9,namesilo,,,03/09/2026 11:37
1a3e9c01-e601-442d-aba7-66114eaca4a9,luftwaffe.reviews,available,62.99,62.99,medium,low,9,namesilo,,,28/09/2026 09:53
06c7efd6-2fda-4634-9c9a-5a2da3b4526b,recycling.reviews,available,4.63,49.95,high,low,9,porkbun,,,28/09/2026 20:17
b3b95b88-7a5b-49c3-afc6-8d375bdb6fa8,result.reviews,available,48.2,48.2,high,low,6,cloudflare,,,29/09/2026 11:11
0020a1ba-14f6-4780-9994-c4a6cccb1a17,scripted.reviews,available,62.99,62.99,high,low,8,namesilo,,,27/09/2026 18:42
cbab2421-e490-4e40-972e-4e0ddb66788f,solving.reviews,available,4.5,51.58,high,low,7,dynadot,,,29/09/2026 02:13
6765b4e6-fda6-4caa-8fee-c489437d585b,eagerness.reviews,available,62.99,62.99,high,low,9,namesilo,,,21/09/2026 09:28
bed6a976-a5f3-4fd6-8960-bef937092b1c,thompson.reviews,available,62.99,62.99,high,low,8,namesilo,,,23/09/2026 08:26
eb99f3c9-4be6-4556-82d4-1df14aa75a82,committee.reviews,available,48.2,48.2,high,low,9,cloudflare,,,29/09/2026 09:31
2de5b97b-ee83-4b06-9a31-cb50f7d431a0,maleficent.reviews,available,7.99,81.99,medium,low,10,name.com,,,24/08/2026 13:58
7e2a37c6-b03f-4c71-865b-e0f18bf008e4,strips.reviews,available,62.99,62.99,medium,low,6,namesilo,,,20/09/2026 02:09
e5c6cbf7-77d9-451a-963c-d7c25521ab38,animist.reviews,available,7.99,81.99,high,low,7,name.com,,,
30fa28d8-b613-4c4e-9608-0547573eee68,hickman.reviews,available,4.63,49.95,high,low,7,porkbun,,,28/09/2026 16:11
9ce05169-d70f-4aa4-80c0-20732ff498ee,yen.reviews,available,49.88,49.88,high,low,3,spaceship,,,29/09/2026 07:09
47edcca5-0f0c-4788-800f-4dc45afddada,ordained.reviews,available,7.99,81.99,medium,low,8,name.com,,,13/08/2026 22:16
9b9529f1-9c8c-4b1f-a589-35a55b08308a,wires.reviews,available,49.88,49.88,medium,low,5,spaceship,,,28/09/2026 04:36
00b3dade-b6bd-4392-97d6-450955b9d967,illiteracy.reviews,available,62.99,62.99,medium,low,10,namesilo,,,19/09/2026 01:54
2e68624e-0d3f-44a1-a792-f55e629a2b6e,icebound.reviews,available,7.99,81.99,medium,low,8,name.com,,,21/08/2026 17:43
76e53c53-f072-4ca1-9071-664df113d77d,langer.reviews,available,4.63,49.95,medium,low,6,porkbun,,,29/09/2026 02:56
cdf27cbc-3eea-4527-a4f6-b1d2acdf5054,ashram.reviews,available,65.98,77.98,high,low,6,namecheap,,,20/09/2026 13:58
1efcc81b-001d-4b7a-bce8-8469ae6ff5f9,sinn.reviews,available,48.2,48.2,high,low,4,cloudflare,,,28/09/2026 15:48
4ea17d14-2ff7-402a-87eb-9eb0ee692122,beguiled.reviews,available,7.99,81.99,medium,low,8,name.com,,,09/08/2026 09:46
f59c5a9e-26a6-4100-851d-3280c25b0475,disperse.reviews,available,49.88,49.88,high,low,8,spaceship,,,29/09/2026 13:55
b5c320ec-5936-4d4c-b824-54d035c8f84f,alonso.reviews,available,62.99,62.99,high,low,6,namesilo,,,18/09/2026 07:29
eb0ab4dd-e708-4e65-9615-644f57127787,contrived.reviews,available,7.99,81.99,medium,low,9,name.com,,,12/08/2026 23:42
aa50de30-c42d-42ac-bd33-212b342f1b85,average.reviews,available,62.99,62.99,high,low,7,namesilo,,,22/09/2026 14:28
7e4293b0-b7bf-48b9-9ae5-cdad063dcd2e,disruption.reviews,available,62.99,62.99,high,low,10,namesilo,,,24/09/2026 16:35
edcf8108-8169-473b-9cd7-d2e1a5441ef4,collegial.reviews,available,7.99,81.99,medium,low,9,name.com,,,12/08/2026 17:06
a809b748-1df9-4442-900d-8e3b59aa618f,xanax.reviews,available,62.99,62.99,medium,low,5,namesilo,,,18/09/2026 14:09
c489fc20-7fd6-4a9d-b146-269f917340ac,lublin.reviews,available,48.2,48.2,medium,low,6,cloudflare,,,28/09/2026 19:44
7f40e3c4-ff85-4c0b-af14-093ed0141ef7,runs.reviews,available,65.98,77.98,high,low,4,namecheap,,,17/09/2026 13:37
7f4dc86d-21cf-46b5-889b-943d2a3211b2,fortunate.reviews,available,7.99,81.99,high,low,9,name.com,,,18/08/2026 12:47
0280f064-ceac-488b-8465-a30311bb97c3,analgesia.reviews,available,65.98,77.98,high,low,9,namecheap,,,19/09/2026 01:49
56a444fc-242c-4a7c-8ada-931d167c12bd,nodding.reviews,available,7.99,81.99,high,low,7,name.com,,,12/08/2026 00:48
c9f6e1a7-cd9e-4cc5-8f06-e8ec848a6f9a,octuple.reviews,available,7.99,81.99,medium,low,7,name.com,,,15/08/2026 21:25
85387312-bb1a-46c2-98cd-b499e4118def,uplifted.reviews,available,62.99,62.99,high,low,8,namesilo,,,12/09/2026 23:11
c0ee2c27-1f5b-49d7-83c7-ea4a12804bc6,bodied.reviews,available,7.99,81.99,medium,low,6,name.com,,,10/08/2026 16:44
441181ce-3dba-4846-a2e5-95d0112e0cbf,nonpareil.reviews,available,7.99,81.99,high,low,9,name.com,,,24/08/2026 17:02
1a90d33b-f099-4323-81a7-311b7170e915,printed.reviews,available,62.99,62.99,high,low,7,namesilo,,,27/09/2026 21:56
b9671a4d-2c61-4608-a341-c2e2ed2bccab,emphasize.reviews,available,62.99,62.99,high,low,9,namesilo,,,16/09/2026 21:52
33316831-61f5-4f48-b6d1-bd00efae56f8,frugally.reviews,available,65.98,77.98,medium,low,8,namecheap,,,14/09/2026 20:25
bbeca9c7-1e21-4ea9-a3ec-d214ed79171c,veer.reviews,available,49.88,49.88,high,low,4,spaceship,,,27/09/2026 21:02
aed8218f-5966-4c0c-98e1-2378e22d5e70,beth.reviews,available,62.99,62.99,medium,low,4,namesilo,,,23/09/2026 11:12
1e39365c-19a7-4543-a5f9-7ffedc2144a4,farm.reviews,premium,118.8,118.8,high,low,4,namesilo,,,29/09/2026 18:58
ab62e7ec-1a5b-475e-a3c8-f3a77cd6c006,lakes.reviews,premium,,,high,low,5,,,,29/09/2026 09:25
714c0a9f-d003-463b-9dbb-98281b645d53,democrats.reviews,available,48.2,48.2,high,low,9,cloudflare,,,30/09/2026 00:47
e9bdf030-bda5-493b-89cd-4cfb36d49547,sucks.reviews,available,62.99,62.99,medium,low,5,namesilo,,,18/09/2026 11:29
e55b823d-96e5-4a53-b1fb-5b11afbf0a46,leg.reviews,premium,78.54,78.54,high,low,3,namesilo,,,30/09/2026 02:45
6e238aa4-f32d-4d20-a46d-163235ba7c37,abkhaz.reviews,available,7.99,81.99,high,low,6,name.com,,,
8c96b43e-f3a2-4a04-b061-4ee35161c92c,baster.reviews,available,62.99,62.99,medium,low,6,namesilo,,,22/09/2026 12:47
abd18f42-4cc3-48e5-a441-3b4958c578ae,twitter.reviews,available,62.99,62.99,high,low,7,namesilo,,,29/09/2026 08:45
43f9872d-c39b-4c24-a095-daf8cf4b23f9,settle.reviews,available,62.99,62.99,high,low,6,namesilo,,,25/09/2026 10:17
995473b8-7804-4724-b096-f2109b9f03b5,spd.reviews,premium,102.67,102.67,high,low,3,spaceship,,,28/09/2026 03:51
8165e4b4-2710-40f0-a1c6-86e8a5756316,unneeded.reviews,available,62.99,62.99,medium,low,8,namesilo,,,12/09/2026 15:52
b4a12653-6802-45ec-9d70-b81214d6b5b9,incessant.reviews,available,7.99,81.99,high,low,9,name.com,,,11/08/2026 23:04
c2b00bf3-4bd7-40d1-b9bf-ce4b08e99e4f,salt.reviews,available,4.5,51.58,high,medium,4,dynadot,,,27/09/2026 17:50
cb3a94e4-9210-49db-836a-a3a753660d54,columnar.reviews,available,7.99,81.99,medium,low,8,name.com,,,12/08/2026 18:14
7d6345aa-9775-464a-be8e-ee6c4f355b1a,decides.reviews,available,62.99,62.99,medium,low,7,namesilo,,,20/09/2026 06:39
c7fd4a9b-b27a-41a4-853a-203734932294,rente.reviews,available,62.99,62.99,medium,low,5,namesilo,,,19/09/2026 10:58
e17a15bd-d92d-45b1-9f23-ad48afa7f64e,teach.reviews,premium,78.54,78.54,high,low,5,namesilo,,,24/09/2026 02:03
c9c87be2-445c-43dd-9adc-3477d5260ae8,sinner.reviews,available,4.63,49.95,medium,low,6,porkbun,,,29/09/2026 18:50
06f60db9-8b14-4edb-b4f3-7eea31c4d45e,nonfat.reviews,available,7.99,81.99,medium,low,6,name.com,,,17/08/2026 23:23
fa196418-995c-427e-a0db-4b63fd19c44e,glass.reviews,premium,207.2,207.2,high,low,5,spaceship,,,29/09/2026 14:00
2af076ae-70eb-4a12-a581-be41a2b6c993,downfield.reviews,available,7.99,81.99,medium,low,9,name.com,,,14/08/2026 17:39
0e1f6548-14ee-45e6-af96-0cf3bc6a0d08,impractical.reviews,available,7.99,,medium,low,11,name.com,,,
5aa0d1c1-7e81-4191-9333-debbd8c2e4ce,andromeda.reviews,available,4.5,51.58,high,medium,9,dynadot,,,28/09/2026 21:22
f1116c2d-80ea-4a9a-8cc7-b2420dac2d7d,inappropriate.reviews,available,62.99,62.99,medium,low,13,namesilo,,,27/09/2026 16:59
7de7c40a-5c5b-4f13-9acb-6071ae984d03,journalism.reviews,premium,102.67,102.67,high,low,10,spaceship,,,30/09/2026 00:56
df2f69ef-aeae-4c0b-8bc5-b1b1f6073cd6,jerome.reviews,available,65.98,77.98,high,low,6,namecheap,,,25/09/2026 05:46
5c479717-5783-44c9-ad95-b1d8c8295a53,clinquant.reviews,available,7.99,81.99,medium,low,9,name.com,,,12/08/2026 11:08
07f39837-5300-4fde-bab8-8629c24a1ea8,ethereal.reviews,available,65.98,77.98,high,low,8,namecheap,,,21/09/2026 21:04
5c889c24-e571-4460-9809-b03d8cc7f106,arawak.reviews,available,7.99,81.99,medium,low,6,name.com,,,06/08/2026 12:38
0f894468-f816-42ad-ac50-03e49a6c8ea2,stealthily.reviews,available,62.99,62.99,medium,low,10,namesilo,,,16/09/2026 06:59
58061593-4ebb-490f-a572-312cd9b5ec71,permeable.reviews,available,62.99,62.99,high,low,9,namesilo,,,08/09/2026 17:36
9a012d65-cde7-4689-83d8-33737432d1dd,fuel.reviews,available,49.88,49.88,high,low,4,spaceship,,,29/09/2026 20:07
d88190af-5767-4674-8a84-d5950dccb722,tiptoe.reviews,available,62.99,62.99,medium,low,6,namesilo,,,11/09/2026 16:21
e6ef26d0-c766-4832-907b-f19aa478bfc0,sourcecode.reviews,available,62.99,62.99,high,low,11,namesilo,,,08/09/2026 07:26
4a7994fe-8a4d-4e4d-866b-068cd8d630e1,disarming.reviews,available,7.99,81.99,high,low,9,name.com,,,14/08/2026 09:30
fdfb2aba-7f3c-44f0-bc25-d04ef298fe69,subvert.reviews,available,7.99,81.99,medium,low,7,name.com,,,13/08/2026 02:15
a069a81b-0bd2-4b93-b82c-9cc539e4ef23,amniota.reviews,available,62.99,62.99,medium,low,7,namesilo,,,18/09/2026 22:27
165fc16a-65a3-477e-b398-a0fd0b0fd53d,demonstrations.reviews,available,7.99,,medium,low,14,name.com,,,
f5520b6c-8f99-4122-bb04-c8e4dc238732,pointless.reviews,available,65.98,77.98,medium,low,9,namecheap,,,26/09/2026 03:12
a7ba2511-4c2d-4ebe-99f3-963b89bd8e75,tenting.reviews,available,62.99,62.99,high,low,7,namesilo,,,23/09/2026 23:16
9fc5bcd7-2149-4c97-968f-991c9cebe05c,validly.reviews,available,62.99,62.99,medium,low,7,namesilo,,,16/09/2026 10:42
9fa04361-ddce-47c9-9acd-05e3d65f5e18,monastic.reviews,available,7.99,81.99,medium,low,8,name.com,,,12/08/2026 11:57
67a130b0-0768-426b-902f-e2de9222e06e,severn.reviews,available,62.99,62.99,medium,low,6,namesilo,,,28/09/2026 15:15
29016b7c-300d-4c18-8e12-9594916815d8,piddling.reviews,available,7.99,81.99,medium,low,8,name.com,,,18/08/2026 03:33
f5421f16-9986-4bfb-93da-61b195b5d20e,nelson.reviews,available,65.98,77.98,high,low,6,namecheap,,,17/09/2026 08:49
ab93fdef-7a27-4c6c-b4da-d90011b61e5c,musts.reviews,available,62.99,62.99,medium,low,5,namesilo,,,19/09/2026 21:45
766531e8-faff-45e9-9b8f-61a5d2f756f9,squashy.reviews,available,7.99,81.99,medium,low,7,name.com,,,10/08/2026 17:16
1088f81a-5136-4497-89aa-b1d58b5d5122,ruthful.reviews,available,7.99,81.99,medium,low,7,name.com,,,12/08/2026 23:40
3f63d817-3c72-4334-8f72-ec793a9a2cc1,lapsed.reviews,available,7.99,81.99,medium,low,6,name.com,,,22/08/2026 19:47
7e3b897e-0ebf-4f31-b1ab-760f7c6a7d5e,cowboy.reviews,available,48.2,48.2,high,low,6,cloudflare,,,29/09/2026 11:56
8d21c658-913d-45c1-a7a6-b3bde3f7d4f9,manchurian.reviews,available,7.99,81.99,high,low,10,name.com,,,24/08/2026 14:34
3b49e8ea-9f5c-4bf9-8cb1-8b778e2ff324,ambled.reviews,available,62.99,62.99,medium,low,6,namesilo,,,20/09/2026 05:58
aad818b0-dbc7-4036-bb4e-da18af31f8da,hamas.reviews,available,62.99,62.99,medium,low,5,namesilo,,,28/09/2026 09:59
87c3751e-5ed4-4419-bd7a-348c591e2b7f,repentant.reviews,available,7.99,81.99,medium,low,9,name.com,,,08/09/2026 14:32
9da922c1-2ee0-46e5-94e0-398cd591a8af,capitalise.reviews,available,7.99,,high,low,10,name.com,,,
c126f8be-ce4b-4b6f-a05d-6a5b329b4b5b,laboring.reviews,available,7.99,81.99,medium,low,8,name.com,,,14/08/2026 19:56
3ff6289f-483e-43d5-8147-f060faf63bbc,minority.reviews,available,62.99,62.99,high,low,8,namesilo,,,28/09/2026 14:53
92b6f28a-1ba3-4230-8e8d-2bd0ee7ae905,padded.reviews,available,7.99,81.99,high,low,6,name.com,,,13/08/2026 11:57
c9987364-969e-4f1a-bdc4-4208337fe09e,beefeater.reviews,available,62.99,62.99,medium,low,9,namesilo,,,23/09/2026 01:09
a39d5978-9d73-4c0a-a864-2ccd6ff0bfb3,clubs.reviews,premium,118.8,118.8,high,low,5,namesilo,,,27/09/2026 08:43
4dc4c620-53ea-4003-a5f1-706092b9c047,screamer.reviews,available,62.99,62.99,medium,low,8,namesilo,,,22/09/2026 17:00
5b3dad04-75c3-49fd-ab54-2be385c260b4,dryers.reviews,available,62.99,62.99,medium,low,6,namesilo,,,21/09/2026 07:40
8b7cca1e-4447-4e2e-a67a-7dceb1a6a924,arc.reviews,premium,242,242,high,medium,3,namesilo,,,06/08/2026 15:03
c7fbd7f3-b1df-4a26-bb44-f49973ff93e7,carbonic.reviews,available,7.99,81.99,medium,low,8,name.com,,,11/08/2026 18:37
44b03a7e-2444-4792-84a1-5af7610f3722,metz.reviews,available,65.98,77.98,high,low,4,namecheap,,,27/09/2026 07:39
7a930e67-aaae-442c-b6fb-a55ef62f2d9f,stylishly.reviews,available,62.99,62.99,medium,low,9,namesilo,,,16/09/2026 07:28
e1ddff00-f5f4-4434-8794-6a004fe38206,scorned.reviews,available,7.99,81.99,medium,low,7,name.com,,,14/08/2026 04:16
24a556e9-2d16-462b-8e30-dc09f16eb475,pours.reviews,available,62.99,62.99,medium,low,5,namesilo,,,18/09/2026 07:35
f81b1d3e-253f-499a-8528-786da62ec9db,nascent.reviews,available,62.99,62.99,high,low,7,namesilo,,,03/09/2026 13:35
95ee3eb5-67f9-453c-bc91-93eb08f9666b,isaiah.reviews,available,62.99,62.99,high,low,6,namesilo,,,24/09/2026 06:53
1439b89f-6786-43a8-89dc-841e054f0881,twirl.reviews,available,65.98,77.98,high,low,5,namecheap,,,28/09/2026 02:49
9353a862-9064-4b31-8360-a85f8393095d,ninefold.reviews,available,62.99,62.99,medium,low,8,namesilo,,,03/09/2026 17:31
16654bb8-378d-432b-995a-c1c29f2edafa,tutor.reviews,premium,128.7,128.7,high,low,5,namecheap,,,28/09/2026 10:46
4fa91cdc-d517-4ab5-ba40-2bcdb1df2404,postural.reviews,available,62.99,62.99,medium,low,8,namesilo,,,09/09/2026 00:40
0d7c5eeb-22e2-467b-a2f4-29440eba971f,jointed.reviews,available,7.99,81.99,medium,low,7,name.com,,,22/08/2026 13:44
0944df58-ccb5-4716-9cea-2d0c321dcf84,table.reviews,premium,250,,high,low,5,name.com,,,
cf80d0ec-c60c-4355-9458-d052e5da87b5,problems.reviews,available,65.98,77.98,medium,low,8,namecheap,,,25/09/2026 17:11
87052774-9ccd-4ec3-a1f3-4ff43617e9e3,jimmie.reviews,available,49.88,49.88,medium,low,6,spaceship,,,28/09/2026 17:18
59d2acf7-38f5-4fdb-b6a1-265b915d797e,gadolinium.reviews,available,62.99,62.99,medium,low,10,namesilo,,,20/09/2026 23:27
9d6d0dd3-ef58-4d97-b88e-0b36a67b5b62,obtainable.reviews,available,7.99,81.99,high,low,10,name.com,,,18/08/2026 23:06
41e4e981-c7a2-4411-9ae8-3a8b2acf5c1e,unbending.reviews,available,62.99,62.99,medium,low,9,namesilo,,,12/09/2026 01:48
03046162-3a19-450c-91e4-b67fe99f1bf1,nist.reviews,available,62.99,62.99,high,low,4,namesilo,,,29/09/2026 19:44
216c26c2-f822-49f7-97c5-c844830db0ed,tricks.reviews,available,65.98,77.98,high,low,6,namecheap,,,25/09/2026 17:54
45cbba97-052a-4018-aeea-17b1f78968ec,plumping.reviews,available,62.99,62.99,medium,low,8,namesilo,,,08/09/2026 21:52
6d8d221d-09d9-4191-9a37-ac0b377ae6da,left.reviews,available,62.99,62.99,high,low,4,namesilo,,,25/09/2026 13:25
37b1f774-f222-4431-8726-8b4bb0621dd9,hump.reviews,available,65.98,77.98,high,low,4,namecheap,,,24/09/2026 11:03
9faa65d0-25b5-4227-a9b9-2f688fe5a946,duracell.reviews,available,7.99,,high,low,8,name.com,,,
b06ae721-720e-4d92-aec1-ab37e7a6f998,ruptured.reviews,available,62.99,62.99,medium,low,8,namesilo,,,29/09/2026 16:06
e56f9f8d-013a-48b9-8305-60b2ff7d91bf,centimetre.reviews,available,62.99,62.99,high,low,10,namesilo,,,24/09/2026 13:35
0630984b-6636-4352-a105-1dd504b02167,wow.reviews,premium,68.51,68.51,high,medium,3,spaceship,,,29/09/2026 23:07
739faf07-281d-4001-9b8a-3352a0065e19,glossy.reviews,available,7.99,81.99,high,low,6,name.com,,,11/08/2026 14:10
00a5c2a1-08d4-44c5-b94a-eb9538e525bd,arch.reviews,available,62.99,62.99,high,medium,4,namesilo,,,22/09/2026 07:38
ed87bc0a-f00a-4773-b90f-0c3784582179,ionised.reviews,available,7.99,81.99,medium,low,7,name.com,,,22/08/2026 09:33
192d2543-c520-438b-8437-9935f06f3dd9,greenville.reviews,premium,118.8,118.8,high,low,10,namesilo,,,25/09/2026 06:42
72b05daa-37db-4786-9634-e3defb5b1f85,email.reviews,premium,854,854,high,medium,6,namesilo,,,29/09/2026 17:24
874c239b-7d00-435c-a097-1aa544a11c8a,superbly.reviews,available,48.2,48.2,medium,low,8,cloudflare,,,28/09/2026 10:44
33d0d2d9-70aa-4dc1-a418-fe3cc3f71683,parky.reviews,available,62.99,62.99,medium,low,5,namesilo,,,08/09/2026 01:38
5cdc0a18-b66b-487c-a006-2304c0652f09,granddaughter.reviews,available,7.99,,high,low,13,name.com,,,
d9d28a67-eb86-4da4-85d6-2e5b15b0fb27,barking.reviews,available,49.88,49.88,medium,low,7,spaceship,,,28/09/2026 11:18
eced7373-28fc-46ff-8bcb-76e27e375fdc,lamenting.reviews,available,7.99,81.99,medium,low,9,name.com,,,22/08/2026 19:02
bab16589-af96-4621-87b5-d4da1f13daa7,useful.reviews,available,62.99,62.99,high,low,6,namesilo,,,28/09/2026 10:01
fff8cf86-140b-466c-9012-7997121c6d32,jump.reviews,available,62.99,62.99,high,low,4,namesilo,,,22/09/2026 02:34
e2f621d3-81de-4973-b509-db45019532d1,marihuana.reviews,available,62.99,62.99,high,low,9,namesilo,,,29/09/2026 06:39
38488441-f553-44e4-b006-f4ff7511e926,squally.reviews,available,62.99,62.99,low,low,7,namesilo,,,10/09/2026 17:18
40a2b3db-1bf2-424d-9e6b-f3e7a14d8570,shackled.reviews,available,7.99,81.99,medium,low,8,name.com,,,18/08/2026 02:56
df4b181d-48a3-44c5-9d47-292f409fbe7a,printers.reviews,premium,118.8,118.8,medium,low,8,namesilo,,,21/09/2026 00:30
9285ffe9-6f87-4fff-8137-e53e88fc8402,babassu.reviews,available,62.99,62.99,medium,low,7,namesilo,,,21/09/2026 12:15
c6b5bb6c-01f3-4b50-ba73-f28aee283c8f,intestine.reviews,available,48.2,48.2,medium,low,9,cloudflare,,,29/09/2026 18:03
993a6ebc-40af-4d0d-b488-01f59c2432fc,shampoo.reviews,premium,108.9,108.9,high,low,7,dynadot,,,30/09/2026 02:51
5477c7b9-7a73-46aa-9bca-27018bc77496,unshared.reviews,available,62.99,62.99,medium,low,8,namesilo,,,12/09/2026 19:38
a66f3a89-0bb9-47b0-9a2e-e1fd91ca75c5,thwack.reviews,available,62.99,62.99,medium,low,6,namesilo,,,16/09/2026 02:47
83765ca6-71a8-4090-b33f-dde1e0cdcb00,insipid.reviews,available,7.99,81.99,medium,low,7,name.com,,,10/08/2026 12:59
f817b84d-5ee6-44fe-9dd8-687643b236f1,absorb.reviews,available,65.98,77.98,high,low,6,namecheap,,,10/09/2026 19:56
06fcdb5f-8ce5-4b7d-b50a-d29a0080270a,dvd.reviews,premium,242,242,high,low,3,namesilo,,,29/09/2026 17:14
10e25a27-2fb2-424f-96ca-1c2b06c072f0,warmed.reviews,available,62.99,62.99,high,low,6,namesilo,,,13/09/2026 08:22
a7b17af5-a8f3-4862-ad72-712558d176df,christ.reviews,available,49.88,49.88,high,low,6,spaceship,,,29/09/2026 09:03
a2fcc04d-a04e-4fea-bd7d-c6431610bf39,ards.reviews,available,62.99,62.99,high,low,4,namesilo,,,17/09/2026 10:14
ac0eb92e-f644-4581-baa8-c6b7e0c26ce6,otc.reviews,premium,118.8,118.8,high,low,3,namesilo,,,04/09/2026 18:34
6df569d7-b836-4e1d-a4c1-6ee704e51b7d,abo.reviews,available,7.99,81.99,high,low,3,name.com,,,
6e9ec34a-accf-4d98-906f-fd429f1d5373,fought.reviews,available,7.99,,medium,low,6,name.com,,,
e56328e6-2789-41b2-a496-139c7429dff7,infantile.reviews,available,7.99,81.99,medium,low,9,name.com,,,12/08/2026 05:04
ffc2c39e-94c4-4db9-a067-fac064302956,whispering.reviews,available,62.99,62.99,high,low,10,namesilo,,,03/09/2026 11:10
71e15b7d-0575-43fa-a98f-e2f00e36f189,suave.reviews,available,7.99,81.99,high,low,5,name.com,,,13/08/2026 20:48
f08ca737-35d0-4264-a8a5-cbd29e78ac66,untaped.reviews,available,62.99,62.99,low,low,7,namesilo,,,12/09/2026 10:16
02531edf-e5c5-4f87-854e-3951ccd8f5d9,churches.reviews,available,62.99,62.99,medium,low,8,namesilo,,,28/09/2026 23:19
4d580b66-904c-4831-9d57-0895e38867be,commanders.reviews,available,48.2,48.2,medium,low,10,cloudflare,,,29/09/2026 17:02
4392ab02-3dbe-48e3-bcfa-db1e35979306,wavell.reviews,available,62.99,62.99,medium,low,6,namesilo,,,20/09/2026 02:03
32147cdd-3cbd-4aed-bb28-0abbbbb72776,pas.reviews,available,49.88,49.88,high,low,3,spaceship,,,29/09/2026 01:49
75896935-0068-4210-9d83-282ee34ee7c1,utilizing.reviews,available,62.99,62.99,medium,low,9,namesilo,,,28/09/2026 07:08
c3f40ba0-22e1-4f7a-9457-712c6a9e30f1,pusher.reviews,available,62.99,62.99,high,low,6,namesilo,,,21/09/2026 13:22
811ce311-205b-4b69-b4b9-bdf0cabfe723,dandyish.reviews,available,7.99,81.99,medium,low,8,name.com,,,13/08/2026 17:03
a72b9284-7154-4c58-b905-8d921d6d840d,mickle.reviews,available,7.99,81.99,medium,low,6,name.com,,,25/08/2026 00:32
30859813-f0f8-425e-a676-763a1b456408,disabling.reviews,available,7.99,81.99,medium,low,9,name.com,,,13/08/2026 07:09
5a8b1da0-0a03-46f9-89f1-c9a1597f8861,tolu.reviews,available,62.99,62.99,high,low,4,namesilo,,,22/09/2026 00:08
b28c0911-243a-4732-9584-c0350735722c,bcs.reviews,premium,68.51,68.51,high,low,3,spaceship,,,29/09/2026 15:15
5781f88d-8a02-4a17-8e76-af5bacc36751,refractory.reviews,available,7.99,81.99,medium,low,10,name.com,,,18/08/2026 13:55
24e0c197-77e1-4ab8-a991-8f833053f022,treason.reviews,available,62.99,62.99,medium,low,7,namesilo,,,23/09/2026 11:25
92314979-39bf-4601-9a49-8d8437b1be1e,restless.reviews,available,65.98,77.98,high,low,8,namecheap,,,27/09/2026 12:53
86589f45-2e08-431d-82d3-8d92d0def4a5,attlee.reviews,available,62.99,62.99,medium,low,6,namesilo,,,16/09/2026 12:16
52d4f8a6-9e2a-488e-96dd-24e3985c34fa,brake.reviews,premium,854,854,medium,low,5,namesilo,,,24/09/2026 08:06